,year,month,day,dotw,start_hour,start_minute,end_hour,end_minute,event,value,units,caregiver,age
1,2019,4,18,Thursday,11,53,NA,NA,birth,NA,,kch,18004
2,2019,10,18,Friday,7,50,NA,NA,wet,NA,,ap,18004
3,2019,10,18,Friday,10,0,NA,NA,wet,NA,,ap,18004
4,2019,10,18,Friday,12,20,NA,NA,wet,NA,,ap,18004
5,2019,10,18,Friday,14,25,NA,NA,wet,NA,,ap,18004
6,2019,10,18,Friday,8,20,NA,NA,bottle,1.5,oz,ap,18004
7,2019,10,18,Friday,10,40,NA,NA,bottle,2.5,oz,ap,18004
8,2019,10,18,Friday,12,30,NA,NA,bottle,2,oz,ap,18004
9,2019,10,18,Friday,14,53,NA,NA,bottle,2,oz,ap,18004
10,2019,10,18,Friday,9,10,9,58,nap,NA,,ap,18004
11,2019,10,18,Friday,13,1,13,30,nap,NA,,ap,18004
12,2019,10,17,Thursday,7,50,NA,NA,wet,NA,,ap,18004
13,2019,10,17,Thursday,8,30,NA,NA,caregiver_change,NA,,ap_vona,18004
14,2019,10,17,Thursday,9,55,NA,NA,wet,NA,,vona,18004
15,2019,10,17,Thursday,11,53,NA,NA,wet,NA,,vona,18004
16,2019,10,17,Thursday,13,41,NA,NA,bowel,NA,,vona,18004
17,2019,10,17,Thursday,15,15,NA,NA,wet,NA,,vona,18004
18,2019,10,17,Thursday,9,21,9,52,nap,NA,,vona,18004
19,2019,10,17,Thursday,14,12,14,45,nap,NA,,vona,18004
20,2019,10,17,Thursday,9,8,NA,NA,bottle,3,oz,vona,18004
21,2019,10,17,Thursday,11,5,NA,NA,bottle,2,oz,vona,18004
22,2019,10,17,Thursday,12,10,NA,NA,bottle,2,oz,vona,18004
23,2019,10,17,Thursday,14,0,NA,NA,bottle,2,oz,vona,18004
24,2019,10,16,Wednesday,7,10,NA,NA,dry,NA,,ap,18004
25,2019,10,16,Wednesday,8,5,NA,NA,wet,NA,,ap,18004
26,2019,10,16,Wednesday,10,0,NA,NA,wet,NA,,ap,18004
27,2019,10,16,Wednesday,11,35,NA,NA,bowel,NA,,ap,18004
28,2019,10,16,Wednesday,13,15,NA,NA,wet,NA,,ap,18004
29,2019,10,16,Wednesday,8,0,NA,NA,bottle,2,oz,ap,18004
30,2019,10,16,Wednesday,10,40,NA,NA,bottle,3.5,oz,ap,18004
31,2019,10,16,Wednesday,13,20,NA,NA,bottle,3,oz,ap,18004
32,2019,10,16,Wednesday,9,5,9,45,nap,NA,,ap,18004
33,2019,10,16,Wednesday,13,30,14,10,nap,NA,,ap,18004
34,2019,10,15,Tuesday,6,50,NA,NA,dry,NA,,ap,18004
35,2019,10,15,Tuesday,7,50,NA,NA,wet,NA,,ap,18004
36,2019,10,15,Tuesday,10,5,NA,NA,wet,NA,,ap,18004
37,2019,10,15,Tuesday,12,20,NA,NA,bowel,NA,,ap,18004
38,2019,10,15,Tuesday,14,10,NA,NA,wet,NA,,ap,18004
39,2019,10,15,Tuesday,8,0,NA,NA,bottle,2,oz,ap,18004
40,2019,10,15,Tuesday,10,35,NA,NA,bottle,2,oz,ap,18004
41,2019,10,15,Tuesday,12,45,NA,NA,bottle,1.5,oz,ap,18004
42,2019,10,15,Tuesday,14,15,NA,NA,bottle,1.5,oz,ap,18004
43,2019,10,15,Tuesday,9,30,10,0,nap,NA,,ap,18004
44,2019,10,15,Tuesday,11,35,12,15,nap,NA,,ap,18004
45,2019,9,27,Friday,7,0,NA,NA,wet,NA,,vona,18004
46,2019,9,27,Friday,7,52,NA,NA,bowel,NA,,vona,18004
47,2019,9,27,Friday,10,15,NA,NA,dry,NA,,ij,18004
48,2019,9,27,Friday,11,17,NA,NA,bowel,NA,,ij,18004
49,2019,9,27,Friday,13,50,NA,NA,bowel,NA,,kc,18004
50,2019,9,27,Friday,13,45,NA,NA,caregiver_change,NA,,ij_kc,18004
51,2019,9,27,Friday,8,20,NA,NA,bottle,2,oz,vona,18004
52,2019,9,27,Friday,11,15,NA,NA,bottle,2,oz,ij,18004
53,2019,9,27,Friday,10,20,NA,NA,nap,NA,,ij,18004
54,2019,10,10,Thursday,7,55,NA,NA,wet,NA,,ap,18004
55,2019,10,10,Thursday,9,45,NA,NA,wet,NA,,ap,18004
56,2019,10,10,Thursday,12,10,NA,NA,wet,NA,,ap,18004
57,2019,10,10,Thursday,8,25,NA,NA,bottle,2,oz,ap,18004
58,2019,10,10,Thursday,11,20,NA,NA,bottle,1,oz,ap,18004
59,2019,10,10,Thursday,13,10,NA,NA,bottle,3,oz,ap,18004
60,2019,10,10,Thursday,9,18,9,40,nap,NA,,ap,18004
61,2019,10,10,Thursday,13,20,NA,NA,nap,NA,,ap,18004
62,2019,10,7,Monday,NA,NA,NA,NA,intro_highflow_nipples,NA,,jsmkch,18004
63,2019,10,14,Monday,NA,NA,NA,NA,intro_sleeping_thru_night,NA,,jsmkch,18004
64,2019,8,22,Thursday,10,30,NA,NA,wet,NA,,jr,18004
65,2019,8,22,Thursday,12,20,NA,NA,dry,NA,,jr,18004
66,2019,8,22,Thursday,13,30,NA,NA,bowel,NA,,jr,18004
67,2019,8,22,Thursday,11,0,NA,NA,caregiver_change,NA,,vona_jr,18004
68,2019,8,22,Thursday,10,45,NA,NA,bottle,2,oz,jr,18004
69,2019,8,22,Thursday,13,40,NA,NA,bottle,2,oz,jr,18004
70,2019,8,22,Thursday,12,30,13,30,nap,NA,,jr,18004
71,2019,10,9,Wednesday,8,4,NA,NA,wet,NA,,ij,18004
72,2019,10,9,Wednesday,10,58,NA,NA,wet,NA,,kc,18004
73,2019,10,9,Wednesday,12,45,NA,NA,bowel,NA,,ij,18004
74,2019,10,9,Wednesday,14,30,NA,NA,dry,NA,,ij,18004
75,2019,10,9,Wednesday,15,0,NA,NA,bowel,NA,,ij,18004
76,2019,10,9,Wednesday,8,30,NA,NA,bottle,1,oz,ij,18004
77,2019,10,9,Wednesday,11,12,NA,NA,bottle,1,oz,ij,18004
78,2019,10,9,Wednesday,13,0,NA,NA,bottle,2,oz,ij,18004
79,2019,10,9,Wednesday,9,20,10,55,nap,NA,,ij,18004
80,2019,10,9,Wednesday,13,15,NA,NA,nap,NA,,ij,18004
81,2019,10,8,Tuesday,7,45,NA,NA,wet,NA,,ap,18004
82,2019,10,8,Tuesday,10,5,NA,NA,wet,NA,,ap,18004
83,2019,10,8,Tuesday,11,50,NA,NA,wet,NA,,ap,18004
84,2019,10,8,Tuesday,13,40,NA,NA,wet,NA,,ap,18004
85,2019,10,8,Tuesday,7,40,NA,NA,bottle,1,oz,ap,18004
86,2019,10,8,Tuesday,9,20,NA,NA,bottle,1,oz,ap,18004
87,2019,10,8,Tuesday,11,55,NA,NA,bottle,1,oz,ap,18004
88,2019,10,8,Tuesday,13,0,NA,NA,bottle,1,oz,ap,18004
89,2019,10,8,Tuesday,9,23,10,0,nap,NA,,ap,18004
90,2019,10,8,Tuesday,12,15,12,40,nap,NA,,ap,18004
91,2019,10,8,Tuesday,14,45,15,10,nap,NA,,ap,18004
92,2019,9,25,Wednesday,10,30,NA,NA,caregiver_change,NA,,vona_ap,18004
93,2019,9,25,Wednesday,7,5,NA,NA,wet,NA,,vona,18004
94,2019,9,25,Wednesday,9,30,NA,NA,wet,NA,,vona,18004
95,2019,9,25,Wednesday,11,15,NA,NA,wet,NA,,ap,18004
96,2019,9,25,Wednesday,8,20,NA,NA,bottle,2,oz,vona,18004
97,2019,9,25,Wednesday,9,45,NA,NA,bottle,2.5,oz,vona,18004
98,2019,9,25,Wednesday,8,40,9,30,nap,NA,,vona,18004
99,2019,9,25,Wednesday,11,25,NA,NA,nap,NA,,ap,18004
100,2019,10,7,Monday,8,20,NA,NA,caregiver_change,NA,,kc_vona,18004
101,2019,10,7,Monday,6,50,NA,NA,dry,NA,,kc,18004
102,2019,10,7,Monday,8,20,NA,NA,wet,NA,,kc,18004
103,2019,10,7,Monday,10,25,NA,NA,wet,NA,,vona,18004
104,2019,10,7,Monday,12,35,NA,NA,wet,NA,,vona,18004
105,2019,10,7,Monday,14,32,NA,NA,bowel,NA,,vona,18004
106,2019,10,7,Monday,8,0,NA,NA,bottle,2,oz,kc,18004
107,2019,10,7,Monday,11,0,NA,NA,bottle,3,oz,vona,18004
108,2019,10,7,Monday,14,0,NA,NA,bottle,3,oz,vona,18004
109,2019,10,7,Monday,9,10,9,43,nap,NA,,vona,18004
110,2019,10,7,Monday,12,28,13,22,nap,NA,,vona,18004
111,2019,10,3,Thursday,6,45,NA,NA,dry,NA,,ap,18004
112,2019,10,3,Thursday,8,10,NA,NA,wet,NA,,ap,18004
113,2019,10,3,Thursday,10,30,NA,NA,wet,NA,,ap,18004
114,2019,10,3,Thursday,11,20,NA,NA,bowel,NA,,ap,18004
115,2019,10,3,Thursday,13,0,NA,NA,wet,NA,,ap,18004
116,2019,10,3,Thursday,8,0,NA,NA,bottle,1,oz,ap,18004
117,2019,10,3,Thursday,11,0,NA,NA,bottle,2,oz,ap,18004
118,2019,10,3,Thursday,12,40,NA,NA,bottle,2.5,oz,ap,18004
119,2019,10,3,Thursday,13,30,NA,NA,bottle,2,oz,ap,18004
120,2019,10,3,Thursday,13,45,NA,NA,bowel,NA,,ap,18004
121,2019,10,3,Thursday,14,20,NA,NA,bowel,NA,,ap,18004
122,2019,10,3,Thursday,9,10,10,25,nap,NA,,ap,18004
123,2019,10,3,Thursday,14,27,NA,NA,nap,NA,,ap,18004
124,2019,10,1,Tuesday,7,55,NA,NA,wet,NA,,ij,18004
125,2019,10,1,Tuesday,10,5,NA,NA,wet,NA,,ij,18004
126,2019,10,1,Tuesday,12,37,NA,NA,bowel,NA,,ij,18004
127,2019,10,1,Tuesday,14,40,NA,NA,diaper,NA,,kc,18004
128,2019,10,1,Tuesday,14,3,NA,NA,bottle,2,oz,kc,18004
129,2019,10,1,Tuesday,14,3,NA,NA,caregiver_change,NA,,ij_kc,18004
130,2019,9,24,Tuesday,7,20,NA,NA,dry,NA,,ap,18004
131,2019,9,24,Tuesday,7,45,NA,NA,wet,NA,,ap,18004
132,2019,9,24,Tuesday,8,35,NA,NA,bowel,NA,,ap,18004
133,2019,9,24,Tuesday,10,15,NA,NA,bowel,NA,,ap,18004
134,2019,9,24,Tuesday,11,55,NA,NA,wet,NA,,ap,18004
135,2019,9,24,Tuesday,13,40,NA,NA,wet,NA,,ap,18004
136,2019,9,24,Tuesday,8,25,NA,NA,bottle,2,oz,ap,18004
137,2019,9,24,Tuesday,10,20,NA,NA,bottle,2,oz,ap,18004
138,2019,9,24,Tuesday,12,25,NA,NA,bottle,2,oz,ap,18004
139,2019,9,24,Tuesday,10,35,11,20,nap,NA,,ap,18004
140,2019,9,24,Tuesday,14,21,15,3,nap,NA,,ap,18004
141,2019,10,2,Wednesday,12,50,NA,NA,tylenol,3.75,mL,ij,18004
142,2019,10,2,Wednesday,14,20,NA,NA,caregiver_change,NA,,ij_kc,18004
143,2019,10,2,Wednesday,7,17,NA,NA,wet,NA,,ij,18004
144,2019,10,2,Wednesday,8,30,NA,NA,bowel,NA,,ij,18004
145,2019,10,2,Wednesday,11,7,NA,NA,bowel,NA,,ij,18004
146,2019,10,2,Wednesday,12,0,NA,NA,bowel,NA,,ij,18004
147,2019,10,2,Wednesday,14,10,NA,NA,wet,NA,,ij,18004
148,2019,10,2,Wednesday,15,10,NA,NA,wet,NA,,kc,18004
149,2019,10,2,Wednesday,8,10,NA,NA,bottle,1,oz,ij,18004
150,2019,10,2,Wednesday,10,15,NA,NA,bottle,2,oz,ij,18004
151,2019,10,2,Wednesday,12,40,NA,NA,bottle,1,oz,ij,18004
152,2019,10,2,Wednesday,14,44,NA,NA,bottle,2,oz,ij,18004
153,2019,10,2,Wednesday,8,57,10,14,nap,NA,,ij,18004
154,2019,10,2,Wednesday,13,23,14,0,nap,NA,,ij,18004
155,2019,9,30,Monday,7,5,NA,NA,wet,NA,,vona,18004
156,2019,9,30,Monday,9,2,NA,NA,wet,NA,,vona,18004
157,2019,9,30,Monday,10,35,NA,NA,bowel,NA,,vona,18004
158,2019,9,30,Monday,12,38,NA,NA,wet,NA,,vona,18004
159,2019,9,30,Monday,9,10,NA,NA,bottle,1.5,oz,vona,18004
160,2019,9,30,Monday,11,30,NA,NA,bottle,2,oz,vona,18004
161,2019,9,30,Monday,9,36,10,10,nap,NA,,vona,18004
162,2019,9,30,Monday,13,11,NA,NA,nap,NA,,vona,18004
163,2019,9,30,Monday,6,35,NA,NA,arrive,NA,,NA,18004
164,2019,9,30,Monday,13,5,NA,NA,temperature,101.4,degreesF,vona,18004
165,2019,10,4,Friday,7,15,NA,NA,wet,NA,,vona,18004
166,2019,10,4,Friday,9,15,NA,NA,wet,NA,,vona,18004
167,2019,10,4,Friday,10,22,NA,NA,bowel,NA,,vona,18004
168,2019,10,4,Friday,12,34,NA,NA,wet,NA,,vona,18004
169,2019,10,4,Friday,13,6,NA,NA,bowel,NA,,vona,18004
170,2019,10,4,Friday,9,17,NA,NA,bottle,1,oz,vona,18004
171,2019,10,4,Friday,10,48,NA,NA,bottle,2,oz,vona,18004
172,2019,10,4,Friday,13,16,NA,NA,bottle,1.5,oz,vona,18004
173,2019,10,4,Friday,7,52,9,10,nap,NA,,vona,18004
174,2019,10,4,Friday,14,9,15,20,nap,NA,,vona,18004
175,2019,10,4,Friday,6,43,NA,NA,arrive,NA,,NA,18004
176,2019,9,23,Monday,7,10,NA,NA,wet,NA,,vona,18004
177,2019,9,23,Monday,8,4,NA,NA,bowel,NA,,vona,18004
178,2019,9,23,Monday,10,5,NA,NA,wet,NA,,vona,18004
179,2019,9,23,Monday,11,50,NA,NA,wet,NA,,vona,18004
180,2019,9,23,Monday,13,27,NA,NA,wet,NA,,vona,18004
181,2019,9,23,Monday,15,20,NA,NA,wet,NA,,vona,18004
182,2019,9,23,Monday,9,15,NA,NA,bottle,2,oz,vona,18004
183,2019,9,23,Monday,11,15,NA,NA,bottle,4.5,oz,vona,18004
184,2019,9,23,Monday,13,15,NA,NA,bottle,2,oz,vona,18004
185,2019,9,23,Monday,11,17,11,32,nap,NA,,vona,18004
186,2019,9,23,Monday,6,45,NA,NA,arrive,NA,,NA,18004
187,2019,9,20,Friday,7,15,NA,NA,wet,NA,,vona,18004
188,2019,9,20,Friday,9,0,NA,NA,wet,NA,,vona,18004
189,2019,9,20,Friday,11,0,NA,NA,wet,NA,,vona,18004
190,2019,9,20,Friday,13,0,NA,NA,wet,NA,,vona,18004
191,2019,9,20,Friday,14,17,NA,NA,wet,NA,,vona,18004
192,2019,9,20,Friday,14,47,NA,NA,bowel,NA,,vona,18004
193,2019,9,20,Friday,8,30,NA,NA,bottle,2.5,oz,vona,18004
194,2019,9,20,Friday,11,30,NA,NA,bottle,1,oz,vona,18004
195,2019,9,20,Friday,13,0,NA,NA,bottle,2,oz,vona,18004
196,2019,9,20,Friday,15,0,NA,NA,bottle,2,oz,vona,18004
197,2019,9,20,Friday,9,40,10,23,nap,NA,,vona,18004
198,2019,9,20,Friday,13,21,14,14,nap,NA,,vona,18004
199,2019,9,20,Friday,6,45,NA,NA,arrive,NA,,NA,18004
200,2019,9,18,Wednesday,7,30,NA,NA,wet,NA,,ap,18004
201,2019,9,18,Wednesday,9,24,NA,NA,bowel,NA,,ap,18004
202,2019,9,18,Wednesday,11,10,NA,NA,wet,NA,,ap,18004
203,2019,9,18,Wednesday,13,0,NA,NA,wet,NA,,ap,18004
204,2019,9,18,Wednesday,13,10,NA,NA,bowel,NA,,ap,18004
205,2019,9,18,Wednesday,15,0,NA,NA,dry,NA,,ap,18004
206,2019,9,18,Wednesday,8,20,NA,NA,bottle,2,oz,ap,18004
207,2019,9,18,Wednesday,10,30,NA,NA,bottle,1,oz,ap,18004
208,2019,9,18,Wednesday,12,30,NA,NA,bottle,3,oz,ap,18004
209,2019,9,18,Wednesday,14,30,NA,NA,bottle,1.5,oz,ap,18004
210,2019,9,18,Wednesday,10,40,11,2,nap,NA,,ap,18004
211,2019,9,18,Wednesday,14,35,14,45,nap,NA,,ap,18004
212,2019,8,27,Tuesday,8,0,NA,NA,wet,NA,,jr,18004
213,2019,8,27,Tuesday,10,0,NA,NA,bowel,NA,,jr,18004
214,2019,8,27,Tuesday,10,35,NA,NA,bowel,NA,,jr,18004
215,2019,8,27,Tuesday,12,40,NA,NA,wet,NA,,jr,18004
216,2019,8,27,Tuesday,13,45,NA,NA,bowel,NA,,jr,18004
217,2019,8,27,Tuesday,8,15,NA,NA,bottle,2,oz,jr,18004
218,2019,8,27,Tuesday,9,0,NA,NA,bottle,3,oz,jr,18004
219,2019,8,27,Tuesday,11,0,NA,NA,bottle,2,oz,jr,18004
220,2019,8,27,Tuesday,13,5,NA,NA,bottle,1.5,oz,jr,18004
221,2019,8,27,Tuesday,14,50,NA,NA,bottle,4,oz,jr,18004
222,2019,8,27,Tuesday,11,10,12,40,nap,NA,,jr,18004
223,2019,8,27,Tuesday,14,10,14,45,nap,NA,,jr,18004
224,2019,8,26,Monday,7,10,NA,NA,wet,NA,,vona,18004
225,2019,8,26,Monday,10,15,NA,NA,bowel,NA,,jr,18004
226,2019,8,26,Monday,11,40,NA,NA,bowel,NA,,vona,18004
227,2019,8,26,Monday,13,32,NA,NA,bowel,NA,,vona,18004
228,2019,8,26,Monday,14,32,NA,NA,bowel,NA,,vona,18004
229,2019,8,26,Monday,15,10,NA,NA,bowel,NA,,vona,18004
230,2019,8,26,Monday,7,45,NA,NA,bottle,3,oz,vona,18004
231,2019,8,26,Monday,10,48,NA,NA,bottle,2,oz,vona,18004
232,2019,8,26,Monday,11,40,NA,NA,bottle,2,oz,vona,18004
233,2019,8,26,Monday,14,13,NA,NA,bottle,5,oz,vona,18004
234,2019,8,26,Monday,8,40,10,10,nap,NA,,vona,18004
235,2019,8,26,Monday,12,45,13,20,nap,NA,,vona,18004
236,2019,8,26,Monday,6,35,NA,NA,arrive,NA,,NA,18004
237,2019,9,9,Monday,7,0,NA,NA,wet,NA,,vona,18004
238,2019,9,9,Monday,8,21,NA,NA,bowel,NA,,vona,18004
239,2019,9,9,Monday,10,25,NA,NA,wet,NA,,vona,18004
240,2019,9,9,Monday,11,21,NA,NA,bowel,NA,,vona,18004
241,2019,9,9,Monday,13,25,NA,NA,wet,NA,,vona,18004
242,2019,9,9,Monday,15,15,NA,NA,wet,NA,,vona,18004
243,2019,9,9,Monday,7,40,NA,NA,bottle,3,oz,vona,18004
244,2019,9,9,Monday,10,48,NA,NA,bottle,3,oz,vona,18004
245,2019,9,9,Monday,13,35,NA,NA,bottle,2,oz,vona,18004
246,2019,9,9,Monday,8,46,9,43,nap,NA,,vona,18004
247,2019,9,9,Monday,12,38,13,23,nap,NA,,vona,18004
248,2019,9,9,Monday,6,43,NA,NA,arrive,NA,,NA,18004
249,2019,8,30,Friday,6,45,NA,NA,arrive,NA,,NA,18004
250,2019,8,30,Friday,7,10,NA,NA,wet,NA,,vona,18004
251,2019,8,30,Friday,8,45,NA,NA,wet,NA,,vona,18004
252,2019,8,30,Friday,9,9,NA,NA,bowel,NA,,vona,18004
253,2019,8,30,Friday,11,35,NA,NA,wet,NA,,vona,18004
254,2019,8,30,Friday,12,50,NA,NA,wet,NA,,vona,18004
255,2019,8,30,Friday,14,16,NA,NA,bowel,NA,,vona,18004
256,2019,8,30,Friday,15,20,NA,NA,wet,NA,,vona,18004
257,2019,8,30,Friday,8,50,NA,NA,bottle,3,oz,vona,18004
258,2019,8,30,Friday,12,55,NA,NA,bottle,3,oz,vona,18004
259,2019,8,30,Friday,14,20,NA,NA,bottle,2,oz,vona,18004
260,2019,8,30,Friday,15,0,NA,NA,bottle,2,oz,vona,18004
261,2019,8,30,Friday,7,30,8,42,nap,NA,,vona,18004
262,2019,8,30,Friday,10,21,11,34,nap,NA,,vona,18004
263,2019,8,30,Friday,14,27,14,37,nap,NA,,vona,18004
264,2019,9,11,Wednesday,7,0,NA,NA,arrive,NA,,NA,18004
265,2019,9,11,Wednesday,7,10,NA,NA,wet,NA,,vona,18004
266,2019,9,11,Wednesday,9,5,NA,NA,wet,NA,,vona,18004
267,2019,9,11,Wednesday,9,37,NA,NA,bowel,NA,,vona,18004
268,2019,9,11,Wednesday,11,0,NA,NA,bowel,NA,,vona,18004
269,2019,9,11,Wednesday,13,0,NA,NA,wet,NA,,vona,18004
270,2019,9,11,Wednesday,15,0,NA,NA,wet,NA,,vona,18004
271,2019,9,11,Wednesday,8,45,NA,NA,bottle,3,oz,vona,18004
272,2019,9,11,Wednesday,12,15,NA,NA,bottle,3,oz,vona,18004
273,2019,9,11,Wednesday,12,40,NA,NA,bottle,2,oz,vona,18004
274,2019,9,11,Wednesday,13,50,NA,NA,bottle,2,oz,vona,18004
275,2019,9,11,Wednesday,9,49,10,36,nap,NA,,vona,18004
276,2019,9,11,Wednesday,11,49,12,5,nap,NA,,vona,18004
277,2019,9,11,Wednesday,14,16,14,45,nap,NA,,vona,18004
278,2019,9,5,Thursday,6,40,NA,NA,arrive,NA,,NA,18004
279,2019,9,5,Thursday,7,10,NA,NA,bowel,NA,,vona,18004
280,2019,9,5,Thursday,9,20,NA,NA,wet,NA,,vona,18004
281,2019,9,5,Thursday,11,15,NA,NA,wet,NA,,vona,18004
282,2019,9,5,Thursday,12,42,NA,NA,bowel,NA,,vona,18004
283,2019,9,5,Thursday,14,48,NA,NA,bowel,NA,,vona,18004
284,2019,9,5,Thursday,9,20,NA,NA,bottle,3,oz,vona,18004
285,2019,9,5,Thursday,11,42,NA,NA,bottle,3,oz,vona,18004
286,2019,9,5,Thursday,15,0,NA,NA,bottle,2,oz,vona,18004
287,2019,9,5,Thursday,8,0,9,19,nap,NA,,vona,18004
288,2019,9,5,Thursday,12,15,12,33,nap,NA,,vona,18004
289,2019,9,5,Thursday,12,55,14,17,nap,NA,,vona,18004
290,2019,9,16,Monday,7,10,NA,NA,arrive,NA,,NA,18004
291,2019,9,16,Monday,7,20,NA,NA,dry,NA,,vona,18004
292,2019,9,16,Monday,7,55,NA,NA,wet,NA,,vona,18004
293,2019,9,16,Monday,8,52,NA,NA,bowel,NA,,vona,18004
294,2019,9,16,Monday,11,0,NA,NA,wet,NA,,vona,18004
295,2019,9,16,Monday,12,58,NA,NA,wet,NA,,vona,18004
296,2019,9,16,Monday,15,0,NA,NA,wet,NA,,vona,18004
297,2019,9,16,Monday,9,35,NA,NA,bottle,2,oz,vona,18004
298,2019,9,16,Monday,10,55,NA,NA,bottle,2,oz,vona,18004
299,2019,9,16,Monday,13,0,NA,NA,bottle,2.5,oz,vona,18004
300,2019,9,16,Monday,15,0,NA,NA,bottle,3,oz,vona,18004
301,2019,9,16,Monday,12,15,12,53,nap,NA,,vona,18004
302,2019,8,23,Friday,6,48,NA,NA,arrive,NA,,NA,18004
303,2019,8,23,Friday,7,19,NA,NA,wet,NA,,vona,18004
304,2019,8,23,Friday,9,40,NA,NA,wet,NA,,vona,18004
305,2019,8,23,Friday,11,15,NA,NA,wet,NA,,vona,18004
306,2019,8,23,Friday,13,0,NA,NA,wet,NA,,vona,18004
307,2019,8,23,Friday,8,38,NA,NA,bottle,3.5,oz,vona,18004
308,2019,8,23,Friday,10,30,NA,NA,bottle,2,oz,vona,18004
309,2019,8,23,Friday,12,45,NA,NA,bottle,3,oz,vona,18004
310,2019,8,23,Friday,8,55,9,36,nap,NA,,vona,18004
311,2019,8,23,Friday,11,52,12,46,nap,NA,,vona,18004
312,2019,9,13,Friday,6,37,NA,NA,arrive,NA,,NA,18004
313,2019,9,13,Friday,6,55,NA,NA,wet,NA,,vona,18004
314,2019,9,13,Friday,9,20,NA,NA,wet,NA,,vona,18004
315,2019,9,13,Friday,11,0,NA,NA,bowel,NA,,vona,18004
316,2019,9,13,Friday,12,47,NA,NA,bowel,NA,,vona,18004
317,2019,9,13,Friday,14,17,NA,NA,bowel,NA,,vona,18004
318,2019,9,13,Friday,15,46,NA,NA,bowel,NA,,vona,18004
319,2019,9,13,Friday,8,10,NA,NA,bottle,2,oz,vona,18004
320,2019,9,13,Friday,11,0,NA,NA,bottle,2.5,oz,vona,18004
321,2019,9,13,Friday,13,0,NA,NA,bottle,2,oz,vona,18004
322,2019,9,13,Friday,13,10,NA,NA,bottle,2,oz,vona,18004
323,2019,9,13,Friday,8,22,9,17,nap,NA,,vona,18004
324,2019,9,13,Friday,11,45,12,15,nap,NA,,vona,18004
325,2019,9,12,Thursday,6,40,NA,NA,arrive,NA,,NA,18004
326,2019,9,12,Thursday,6,50,NA,NA,bowel,NA,,vona,18004
327,2019,9,12,Thursday,8,45,NA,NA,wet,NA,,vona,18004
328,2019,9,12,Thursday,10,45,NA,NA,wet,NA,,vona,18004
329,2019,9,12,Thursday,13,12,NA,NA,wet,NA,,vona,18004
330,2019,9,12,Thursday,13,38,NA,NA,bowel,NA,,vona,18004
331,2019,9,12,Thursday,14,18,NA,NA,bowel,NA,,vona,18004
332,2019,9,12,Thursday,15,15,NA,NA,wet,NA,,vona,18004
333,2019,9,12,Thursday,8,50,NA,NA,bottle,3.5,oz,vona,18004
334,2019,9,12,Thursday,12,0,NA,NA,bottle,1,oz,vona,18004
335,2019,9,12,Thursday,13,15,NA,NA,bottle,2.5,oz,vona,18004
336,2019,9,12,Thursday,9,8,9,46,nap,NA,,vona,18004
337,2019,9,12,Thursday,12,7,13,5,nap,NA,,vona,18004
338,2019,9,4,Wednesday,6,55,NA,NA,arrive,NA,,NA,18004
339,2019,9,4,Wednesday,7,0,NA,NA,wet,NA,,vona,18004
340,2019,9,4,Wednesday,7,52,NA,NA,bowel,NA,,vona,18004
341,2019,9,4,Wednesday,9,45,NA,NA,wet,NA,,vona,18004
342,2019,9,4,Wednesday,10,35,NA,NA,bowel,NA,,vona,18004
343,2019,9,4,Wednesday,13,0,NA,NA,wet,NA,,vona,18004
344,2019,9,4,Wednesday,13,35,NA,NA,bowel,NA,,vona,18004
345,2019,9,4,Wednesday,14,55,NA,NA,bowel,NA,,vona,18004
346,2019,9,4,Wednesday,9,33,NA,NA,bottle,3.5,oz,vona,18004
347,2019,9,4,Wednesday,13,0,NA,NA,bottle,3,oz,vona,18004
348,2019,9,4,Wednesday,8,4,9,19,nap,NA,,vona,18004
349,2019,9,4,Wednesday,11,7,12,56,nap,NA,,vona,18004
350,2019,9,10,Tuesday,6,45,NA,NA,dry,NA,,ap,18004
351,2019,9,10,Tuesday,8,10,NA,NA,wet,NA,,ap,18004
352,2019,9,10,Tuesday,9,45,NA,NA,wet,NA,,ap,18004
353,2019,9,10,Tuesday,11,15,NA,NA,bowel,NA,,ap,18004
354,2019,9,10,Tuesday,12,45,NA,NA,bowel,NA,,ap,18004
355,2019,9,10,Tuesday,14,15,NA,NA,bowel,NA,,ap,18004
356,2019,9,10,Tuesday,8,0,NA,NA,bottle,2,oz,ap,18004
357,2019,9,10,Tuesday,10,30,NA,NA,bottle,3,oz,ap,18004
358,2019,9,10,Tuesday,13,15,NA,NA,bottle,3.5,oz,ap,18004
359,2019,9,10,Tuesday,9,0,9,40,nap,NA,,ap,18004
360,2019,9,10,Tuesday,12,0,12,35,nap,NA,,ap,18004
361,2019,9,6,Friday,6,40,NA,NA,arrive,NA,,NA,18004
362,2019,9,6,Friday,7,5,NA,NA,wet,NA,,vona,18004
363,2019,9,6,Friday,9,35,NA,NA,wet,NA,,vona,18004
364,2019,9,6,Friday,9,59,NA,NA,bowel,NA,,vona,18004
365,2019,9,6,Friday,11,25,NA,NA,bowel,NA,,ap,18004
366,2019,9,6,Friday,12,57,NA,NA,bowel,NA,,vona,18004
367,2019,9,6,Friday,15,0,NA,NA,wet,NA,,vona,18004
368,2019,9,6,Friday,8,5,NA,NA,bottle,2,oz,vona,18004
369,2019,9,6,Friday,12,30,NA,NA,bottle,3,oz,vona,18004
370,2019,9,6,Friday,15,0,NA,NA,bottle,2.5,oz,vona,18004
371,2019,9,6,Friday,8,48,9,32,nap,NA,,vona,18004
372,2019,9,6,Friday,11,34,12,10,nap,NA,,vona,18004
373,2019,9,6,Friday,14,10,14,40,nap,NA,,vona,18004
374,2019,9,29,Sunday,NA,NA,NA,NA,intro_grass,NA,,jsmkch,18004
375,2019,9,22,Sunday,NA,NA,NA,NA,skill_crawl_army,NA,,jsmkch,18004
376,2019,8,19,Monday,NA,NA,NA,NA,trait_mass,7.82,kg,rainbow,18004
377,2019,6,24,Monday,NA,NA,NA,NA,trait_mass,6.69,kg,rainbow,18004
378,2019,5,20,Monday,NA,NA,NA,NA,trait_mass,5.53,kg,rainbow,18004
379,2019,4,30,Tuesday,NA,NA,NA,NA,trait_mass,4.74,kg,rainbow,18004
380,2019,4,26,Friday,NA,NA,NA,NA,trait_mass,4.39,kg,rainbow,18004
381,2019,4,22,Monday,NA,NA,NA,NA,trait_mass,4.11,kg,rainbow,18004
382,2019,4,20,Saturday,NA,NA,NA,NA,trait_mass,4.14,kg,rainbow,18004
383,2019,4,18,Thursday,NA,NA,NA,NA,trait_mass,4.39,kg,rainbow,18004
384,2019,8,19,Monday,NA,NA,NA,NA,trait_length,68.6,cm,rainbow,18004
385,2019,6,24,Monday,NA,NA,NA,NA,trait_length,65.4,cm,rainbow,18004
386,2019,5,20,Monday,NA,NA,NA,NA,trait_length,61.6,cm,rainbow,18004
387,2019,4,30,Tuesday,NA,NA,NA,NA,trait_length,56.5,cm,rainbow,18004
388,2019,4,26,Friday,NA,NA,NA,NA,trait_length,56.1,cm,rainbow,18004
389,2019,4,22,Monday,NA,NA,NA,NA,trait_length,54.6,cm,rainbow,18004
390,2019,8,19,Monday,NA,NA,NA,NA,trait_head_circum,42.5,cm,rainbow,18004
391,2019,6,24,Monday,NA,NA,NA,NA,trait_head_circum,40.6,cm,rainbow,18004
392,2019,5,20,Monday,NA,NA,NA,NA,trait_head_circum,38.7,cm,rainbow,18004
393,2019,4,22,Monday,NA,NA,NA,NA,trait_head_circum,33,cm,rainbow,18004
394,2019,10,14,Monday,NA,NA,NA,NA,skill_situp_partial,NA,,jsmkch,18004
395,2019,10,1,Tuesday,NA,NA,NA,NA,intro_solidfood_regularly,NA,,jsmkch,18004
396,2019,9,2,Monday,NA,NA,NA,NA,intro_solidfood,NA,,jsmkch,18004
397,2019,9,30,Monday,NA,NA,NA,NA,trait_mass,8.56,kg,rainbow,18004
398,2019,9,30,Monday,NA,NA,NA,NA,temperature,102.1,degreesF,rainbow,18004
399,2019,9,25,Wednesday,NA,NA,NA,NA,trait_mass,8.48,kg,rainbow,18004
400,2019,9,25,Wednesday,14,20,NA,NA,temperature,99.3,degreesF,rainbow,18004
401,2019,9,25,Wednesday,15,30,NA,NA,temperature,98.2,degreesF,rainbow,18004
402,2019,9,26,Thursday,18,NA,NA,NA,amoxicilin,5,ml,jsmkch,18004
403,2019,9,27,Friday,6,NA,NA,NA,amoxicilin,5,ml,jsmkch,18004
404,2019,9,27,Friday,18,NA,NA,NA,amoxicilin,5,ml,jsmkch,18004
405,2019,9,28,Saturday,6,NA,NA,NA,amoxicilin,5,ml,jsmkch,18004
406,2019,9,29,Sunday,6,NA,NA,NA,amoxicilin,5,ml,jsmkch,18004
407,2019,9,29,Sunday,18,NA,NA,NA,amoxicilin,5,ml,jsmkch,18004
408,2019,9,30,Monday,6,NA,NA,NA,amoxicilin,5,ml,jsmkch,18004
409,2019,9,30,Monday,18,NA,NA,NA,amoxicilin,5,ml,jsmkch,18004
410,2019,10,1,Tuesday,6,NA,NA,NA,amoxicilin,5,ml,jsmkch,18004
411,2019,10,1,Tuesday,18,NA,NA,NA,amoxicilin,5,ml,jsmkch,18004
412,2019,10,2,Wednesday,6,NA,NA,NA,amoxicilin,5,ml,jsmkch,18004
413,2019,10,2,Wednesday,18,NA,NA,NA,amoxicilin,5,ml,jsmkch,18004
414,2019,10,3,Thursday,6,NA,NA,NA,amoxicilin,5,ml,jsmkch,18004
415,2019,10,3,Thursday,18,NA,NA,NA,amoxicilin,5,ml,jsmkch,18004
416,2019,10,4,Friday,6,NA,NA,NA,amoxicilin,5,ml,jsmkch,18004
417,2019,10,4,Friday,18,NA,NA,NA,amoxicilin,5,ml,jsmkch,18004
418,2019,10,5,Saturday,6,NA,NA,NA,amoxicilin,5,ml,jsmkch,18004
419,2019,10,5,Saturday,18,NA,NA,NA,amoxicilin,5,ml,jsmkch,18004
420,2019,10,21,Monday,7,26,NA,NA,wet,NA,,kc,18004
421,2019,10,21,Monday,9,15,NA,NA,wet,NA,,vona,18004
422,2019,10,21,Monday,11,10,NA,NA,wet,NA,,vona,18004
423,2019,10,21,Monday,13,33,NA,NA,wet,NA,,vona,18004
424,2019,10,21,Monday,13,42,NA,NA,bowel,NA,,vona,18004
425,2019,10,21,Monday,8,NA,NA,NA,caregiver_change,NA,,kc_vona,18004
426,2019,10,21,Monday,8,1,NA,NA,bottle,2,oz,vona,18004
427,2019,10,21,Monday,9,0,NA,NA,bottle,2.5,oz,vona,18004
428,2019,10,21,Monday,11,45,NA,NA,bottle,2,oz,vona,18004
429,2019,10,21,Monday,14,15,NA,NA,bottle,2.5,oz,vona,18004
430,2019,10,21,Monday,9,27,10,0,nap,NA,,vona,18004
431,2019,10,21,Monday,13,0,13,30,nap,NA,,vona,18004
432,2019,10,21,Monday,NA,NA,NA,NA,skill_pullup,NA,,vona_kch,18004
433,2019,10,22,Tuesday,7,0,NA,NA,dry,NA,,ap,18004
434,2019,10,22,Tuesday,8,5,NA,NA,wet,NA,,ap,18004
435,2019,10,22,Tuesday,10,35,NA,NA,wet,NA,,ap,18004
436,2019,10,22,Tuesday,12,0,NA,NA,bowel,NA,,jd,18004
437,2019,10,22,Tuesday,13,30,NA,NA,wet,NA,,ap,18004
438,2019,10,22,Tuesday,14,45,NA,NA,wet,NA,,ap,18004
439,2019,10,22,Tuesday,8,0,NA,NA,bottle,2,oz,ap,18004
440,2019,10,22,Tuesday,10,40,NA,NA,bottle,3,oz,ap,18004
441,2019,10,22,Tuesday,13,0,NA,NA,bottle,2,oz,ap,18004
442,2019,10,22,Tuesday,9,17,10,30,nap,NA,,ap,18004
443,2019,10,22,Tuesday,13,10,13,25,nap,NA,,ap,18004
444,2019,10,22,Tuesday,19,0,NA,NA,intro_sleeping_nursery,NA,,jsmkch,18004
445,2019,10,4,Friday,NA,NA,NA,NA,trait_tooth_incisor_lower_right,NA,,jsmkch,18004
446,2019,10,23,Wednesday,NA,NA,NA,NA,trait_tooth_incisor_lower_left,NA,,jsmkch,18004
447,2019,10,23,Wednesday,7,35,NA,NA,dry,NA,,kc,18004
448,2019,10,23,Wednesday,9,0,NA,NA,wet,NA,,ap,18004
449,2019,10,23,Wednesday,10,45,NA,NA,wet,NA,,ap,18004
450,2019,10,23,Wednesday,13,0,NA,NA,wet,NA,,ap,18004
451,2019,10,23,Wednesday,14,50,NA,NA,wet,NA,,ap,18004
452,2019,10,23,Wednesday,8,0,NA,NA,bottle,2,oz,ap,18004
453,2019,10,23,Wednesday,8,45,NA,NA,bottle,1,oz,ap,18004
454,2019,10,23,Wednesday,10,15,NA,NA,bottle,2,oz,ap,18004
455,2019,10,23,Wednesday,11,10,NA,NA,bottle,3,oz,ap,18004
456,2019,10,23,Wednesday,13,45,NA,NA,bottle,2.5,oz,ap,18004
457,2019,10,23,Wednesday,9,0,9,45,nap,NA,,ap,18004
458,2019,10,23,Wednesday,11,32,12,55,nap,NA,,ap,18004
459,2019,10,24,Thursday,7,30,NA,NA,dry,NA,,ap,18004
460,2019,10,24,Thursday,8,15,NA,NA,bowel,NA,,ap,18004
461,2019,10,24,Thursday,10,15,NA,NA,wet,NA,,ap,18004
462,2019,10,24,Thursday,12,40,NA,NA,wet,NA,,ap,18004
463,2019,10,24,Thursday,14,40,NA,NA,wet,NA,,ap,18004
464,2019,10,24,Thursday,8,5,NA,NA,bottle,1.5,oz,ap,18004
465,2019,10,24,Thursday,10,15,NA,NA,bottle,3,oz,ap,18004
466,2019,10,24,Thursday,13,10,NA,NA,bottle,2,oz,ap,18004
467,2019,10,24,Thursday,13,45,NA,NA,bottle,3,oz,ap,18004
468,2019,10,24,Thursday,14,30,NA,NA,bottle,2.5,oz,ap,18004
469,2019,10,24,Thursday,15,50,NA,NA,bottle,2.5,oz,ap,18004
470,2019,10,24,Thursday,8,45,9,15,nap,NA,,ap,18004
471,2019,10,24,Thursday,11,10,12,40,nap,NA,,ap,18004
472,2019,10,25,Friday,7,15,NA,NA,dry,NA,,kc,18004
473,2019,10,25,Friday,8,15,NA,NA,wet,NA,,ap,18004
474,2019,10,25,Friday,10,10,NA,NA,wet,NA,,vona,18004
475,2019,10,25,Friday,12,17,NA,NA,wet,NA,,vona,18004
476,2019,10,25,Friday,14,15,NA,NA,wet,NA,,vona,18004
477,2019,10,25,Friday,16,30,NA,NA,wet,NA,,vona,18004
478,2019,10,25,Friday,8,0,NA,NA,bottle,1.5,oz,ap,18004
479,2019,10,25,Friday,9,15,NA,NA,bottle,3,oz,vona,18004
480,2019,10,25,Friday,11,0,NA,NA,bottle,3,oz,vona,18004
481,2019,10,25,Friday,12,45,NA,NA,bottle,3,oz,vona,18004
482,2019,10,25,Friday,14,15,NA,NA,bottle,2,oz,vona,18004
483,2019,10,25,Friday,15,0,NA,NA,bottle,2,oz,vona,18004
484,2019,10,25,Friday,11,40,12,14,nap,NA,,vona,18004
485,2019,10,25,Friday,15,10,NA,NA,nap,NA,,vona,18004
486,2019,10,25,Friday,8,30,NA,NA,caregiver_change,NA,,ap_vona,18004
487,2019,10,28,Monday,7,5,NA,NA,dry,NA,,ap,18004
488,2019,10,28,Monday,7,50,NA,NA,wet,NA,,ap,18004
489,2019,10,28,Monday,9,25,NA,NA,wet,NA,,vona,18004
490,2019,10,28,Monday,11,45,NA,NA,wet,NA,,vona,18004
491,2019,10,28,Monday,13,48,NA,NA,wet,NA,,vona,18004
492,2019,10,28,Monday,15,5,NA,NA,wet,NA,,vona,18004
493,2019,10,28,Monday,8,45,NA,NA,bottle,2,oz,vona,18004
494,2019,10,28,Monday,9,25,NA,NA,bottle,2,oz,vona,18004
495,2019,10,28,Monday,10,45,NA,NA,bottle,2,oz,vona,18004
496,2019,10,28,Monday,11,45,NA,NA,bottle,2,oz,vona,18004
497,2019,10,28,Monday,13,25,NA,NA,bottle,2,oz,vona,18004
498,2019,10,28,Monday,15,0,NA,NA,bottle,2,oz,vona,18004
499,2019,10,28,Monday,10,53,11,45,nap,NA,,vona,18004
500,2019,10,28,Monday,12,19,12,30,nap,NA,,vona,18004
501,2019,10,29,Tuesday,7,45,NA,NA,wet,NA,,ap,18004
502,2019,10,29,Tuesday,9,45,NA,NA,wet,NA,,ap,18004
503,2019,10,29,Tuesday,11,30,NA,NA,wet,NA,,jd,18004
504,2019,10,29,Tuesday,14,10,NA,NA,wet,NA,,ap,18004
505,2019,10,29,Tuesday,15,15,NA,NA,wet,NA,,ap,18004
506,2019,10,29,Tuesday,8,0,NA,NA,bottle,2,oz,ap,18004
507,2019,10,29,Tuesday,8,50,NA,NA,bottle,2,oz,ap,18004
508,2019,10,29,Tuesday,10,20,NA,NA,bottle,3,oz,ap,18004
509,2019,10,29,Tuesday,12,5,NA,NA,bottle,3,oz,ap,18004
510,2019,10,29,Tuesday,13,20,NA,NA,bottle,3,oz,ap,18004
511,2019,10,29,Tuesday,14,55,NA,NA,bottle,2.5,oz,ap,18004
512,2019,10,29,Tuesday,10,29,11,30,nap,NA,,ap,18004
513,2019,10,29,Tuesday,13,29,14,5,nap,NA,,ap,18004
514,2019,10,29,Tuesday,10,15,NA,NA,solids,3,pepper,ap,18004
515,2019,10,29,Tuesday,14,30,NA,NA,solids,1,pepper_cheese,ap,18004
516,2019,10,30,Wednesday,7,5,NA,NA,dry,NA,,ap,18004
517,2019,10,30,Wednesday,7,50,NA,NA,wet,NA,,ap,18004
518,2019,10,30,Wednesday,10,0,NA,NA,wet,NA,,ap,18004
519,2019,10,30,Wednesday,12,20,NA,NA,wet,NA,,ap,18004
520,2019,10,30,Wednesday,13,50,NA,NA,wet,NA,,ap,18004
521,2019,10,30,Wednesday,15,13,NA,NA,wet,NA,,kc,18004
522,2019,10,30,Wednesday,8,20,NA,NA,bottle,1.5,oz,ap,18004
523,2019,10,30,Wednesday,8,45,NA,NA,bottle,2.5,oz,ap,18004
524,2019,10,30,Wednesday,10,30,NA,NA,bottle,3,oz,ap,18004
525,2019,10,30,Wednesday,11,45,NA,NA,bottle,2,oz,ap,18004
526,2019,10,30,Wednesday,12,45,NA,NA,bottle,3,oz,ap,18004
527,2019,10,30,Wednesday,13,45,NA,NA,bottle,1.5,oz,ap,18004
528,2019,10,30,Wednesday,14,15,NA,NA,bottle,3,oz,ap,18004
529,2019,10,30,Wednesday,10,15,NA,NA,solids,3,pepper_cheese,ap,18004
530,2019,10,30,Wednesday,13,0,NA,NA,solids,0,pepper_sweetpotato,ap,18004
531,2019,10,30,Wednesday,9,7,9,45,nap,NA,,ap,18004
532,2019,10,30,Wednesday,11,40,12,0,nap,NA,,ap,18004
533,2019,10,31,Thursday,7,10,NA,NA,wet,NA,,ap,18004
534,2019,10,31,Thursday,9,0,NA,NA,wet,NA,,ap,18004
535,2019,10,31,Thursday,11,0,NA,NA,wet,NA,,ap,18004
536,2019,10,31,Thursday,13,10,NA,NA,wet,NA,,ap,18004
537,2019,10,31,Thursday,14,50,NA,NA,wet,NA,,ap,18004
538,2019,10,31,Thursday,9,20,NA,NA,bottle,2.5,oz,ap,18004
539,2019,10,31,Thursday,10,0,NA,NA,bottle,2.5,oz,ap,18004
540,2019,10,31,Thursday,11,55,NA,NA,bottle,3,oz,ap,18004
541,2019,10,31,Thursday,13,45,NA,NA,bottle,2.5,oz,ap,18004
542,2019,10,31,Thursday,10,40,NA,NA,solids,3,squash_cheese,ap,18004
543,2019,10,31,Thursday,14,10,NA,NA,solids,2,pepper_cheese,ap,18004
544,2019,10,31,Thursday,12,5,13,5,nap,NA,,ap,18004
545,2019,11,1,Friday,8,10,NA,NA,wet,NA,,ap,18004
546,2019,11,1,Friday,10,15,NA,NA,wet,NA,,vona,18004
547,2019,11,1,Friday,12,1,NA,NA,wet,NA,,vona,18004
548,2019,11,1,Friday,14,0,NA,NA,wet,NA,,vona,18004
549,2019,11,1,Friday,15,10,NA,NA,bowel,NA,,vona,18004
550,2019,11,1,Friday,8,15,NA,NA,bottle,2.5,oz,ap,18004
551,2019,11,1,Friday,9,30,NA,NA,bottle,2.5,oz,vona,18004
552,2019,11,1,Friday,12,5,NA,NA,bottle,3,oz,vona,18004
553,2019,11,1,Friday,13,30,NA,NA,bottle,3,oz,vona,18004
554,2019,11,1,Friday,9,47,10,2,nap,NA,,vona,18004
555,2019,11,1,Friday,12,17,13,18,nap,NA,,vona,18004
556,2019,11,1,Friday,11,0,NA,NA,solids,4,egg_pepper,vona,18004
557,2019,11,1,Friday,14,25,NA,NA,solids,1,egg_pepper,vona,18004
558,2019,11,1,Friday,8,30,NA,NA,caregiver_change,NA,,ap_vona,18004
559,2019,11,4,Monday,7,16,NA,NA,dry,NA,,kc,18004
560,2019,11,4,Monday,8,0,NA,NA,wet,NA,,kc,18004
561,2019,11,4,Monday,8,30,NA,NA,caregiver_change,NA,,kc_ij,18004
562,2019,11,4,Monday,9,10,NA,NA,wet,NA,,ij,18004
563,2019,11,4,Monday,10,43,NA,NA,diaper,NA,,ij,18004
564,2019,11,4,Monday,12,20,NA,NA,bowel,NA,,ij,18004
565,2019,11,4,Monday,14,31,NA,NA,dry,NA,,ij,18004
566,2019,11,4,Monday,8,30,NA,NA,bottle,3,oz,ij,18004
567,2019,11,4,Monday,10,50,NA,NA,bottle,3,oz,ij,18004
568,2019,11,4,Monday,13,20,NA,NA,bottle,3,oz,ij,18004
569,2019,11,4,Monday,14,45,NA,NA,bottle,3,oz,ij,18004
570,2019,11,4,Monday,9,20,10,40,nap,NA,,ij,18004
571,2019,11,5,Tuesday,8,0,NA,NA,wet,NA,,ap,18004
572,2019,11,5,Tuesday,11,15,NA,NA,wet,NA,,ap,18004
573,2019,11,5,Tuesday,12,40,NA,NA,bowel,NA,,jd,18004
574,2019,11,5,Tuesday,13,45,NA,NA,wet,NA,,kc,18004
575,2019,11,5,Tuesday,15,5,NA,NA,wet,NA,,kc,18004
576,2019,11,5,Tuesday,9,53,11,7,nap,NA,,ap,18004
577,2019,11,5,Tuesday,13,57,NA,NA,caregiver_change,NA,,ap_kc,18004
578,2019,11,5,Tuesday,11,20,NA,NA,solids,3,pepper_bread,ap,18004
579,2019,11,5,Tuesday,14,0,NA,NA,solids,3,noodles_bread,ap,18004
580,2019,11,5,Tuesday,8,20,NA,NA,bottle,3,oz,ap,18004
581,2019,11,5,Tuesday,9,48,NA,NA,bottle,2.5,oz,ap,18004
582,2019,11,5,Tuesday,11,45,NA,NA,bottle,3,oz,ap,18004
583,2019,11,5,Tuesday,13,30,NA,NA,bottle,3,oz,ap,18004
584,2019,11,6,Wednesday,8,0,NA,NA,wet,NA,,ap,18004
585,2019,11,6,Wednesday,9,55,NA,NA,wet,NA,,ap,18004
586,2019,11,6,Wednesday,11,25,NA,NA,bowel,NA,,ap,18004
587,2019,11,6,Wednesday,13,20,NA,NA,wet,NA,,ap,18004
588,2019,11,6,Wednesday,8,20,NA,NA,bottle,3,oz,ap,18004
589,2019,11,6,Wednesday,10,0,NA,NA,bottle,3.5,oz,ap,18004
590,2019,11,6,Wednesday,11,30,NA,NA,bottle,3,oz,ap,18004
591,2019,11,6,Wednesday,13,45,NA,NA,bottle,3,oz,ap,18004
592,2019,11,6,Wednesday,8,33,9,3,nap,NA,,ap,18004
593,2019,11,6,Wednesday,10,20,NA,NA,solids,3,cauliflower,ap,18004
594,2019,11,6,Wednesday,10,20,NA,NA,solids,2,noodles,ap,18004
595,2019,11,6,Wednesday,14,15,NA,NA,solids,2,cauliflower_pepper,ap,18004
596,2019,11,7,Thursday,7,35,NA,NA,wet,NA,,ap,18004
597,2019,11,7,Thursday,9,26,NA,NA,wet,NA,,ap,18004
598,2019,11,7,Thursday,11,0,NA,NA,bowel,NA,,ap,18004
599,2019,11,7,Thursday,12,45,NA,NA,bowel,NA,,melody,18004
600,2019,11,7,Thursday,15,5,NA,NA,wet,NA,,ap,18004
601,2019,11,7,Thursday,7,55,NA,NA,bottle,2.5,oz,ap,18004
602,2019,11,7,Thursday,9,32,NA,NA,bottle,3,oz,ap,18004
603,2019,11,7,Thursday,11,0,NA,NA,bottle,3,oz,ap,18004
604,2019,11,7,Thursday,11,40,NA,NA,bottle,3,oz,ap,18004
605,2019,11,7,Thursday,13,15,NA,NA,bottle,3,oz,ap,18004
606,2019,11,7,Thursday,9,35,10,11,nap,NA,,ap,18004
607,2019,11,7,Thursday,13,55,15,0,nap,NA,,ap,18004
608,2019,11,7,Thursday,10,25,NA,NA,solids,1,pepper_cauliflower,ap,18004
609,2019,11,7,Thursday,13,20,NA,NA,solids,2,noodles,ap,18004
610,2019,11,7,Thursday,12,20,NA,NA,caregiver_change,NA,,ap_melody,18004
611,2019,11,7,Thursday,12,50,NA,NA,caregiver_change,NA,,melody_ap,18004
612,2019,11,8,Friday,8,5,NA,NA,wet,NA,,ap,18004
613,2019,11,8,Friday,9,48,NA,NA,wet,NA,,vona,18004
614,2019,11,8,Friday,11,45,NA,NA,wet,NA,,vona,18004
615,2019,11,8,Friday,12,17,NA,NA,bowel,NA,,vona,18004
616,2019,11,8,Friday,13,45,NA,NA,wet,NA,,vona,18004
617,2019,11,8,Friday,8,30,NA,NA,caregiver_change,NA,,ap_vona,18004
618,2019,11,8,Friday,11,13,11,32,nap,NA,,vona,18004
619,2019,11,8,Friday,8,50,NA,NA,bottle,4,oz,vona,18004
620,2019,11,8,Friday,11,0,NA,NA,bottle,3,oz,vona,18004
621,2019,11,8,Friday,11,45,NA,NA,bottle,3,oz,vona,18004
622,2019,11,8,Friday,3,12,NA,NA,trait_mass,8.48,kg,rainbow,18004
623,2019,11,8,Friday,3,12,NA,NA,trait_length,71.8,cm,rainbow,18004
624,2019,11,10,Sunday,NA,NA,NA,NA,skill_crawl_full,NA,,jsmkch,18004
625,2019,11,9,Saturday,NA,NA,NA,NA,skill_pullup_regularly,NA,,jsmkch,18004
626,2019,11,13,Wednesday,9,0,NA,NA,bowel,NA,,ap,18004
627,2019,11,13,Wednesday,10,45,NA,NA,wet,NA,,ap,18004
628,2019,11,13,Wednesday,12,50,NA,NA,wet,NA,,ap,18004
629,2019,11,13,Wednesday,15,0,NA,NA,wet,NA,,ap,18004
630,2019,11,13,Wednesday,11,30,NA,NA,bottle,3.5,,ap,18004
631,2019,11,13,Wednesday,13,0,NA,NA,bottle,3,,ap,18004
632,2019,11,13,Wednesday,11,45,12,20,nap,NA,,ap,18004
633,2019,11,13,Wednesday,11,0,NA,NA,solids,3,noodles_squash,ap,18004
634,2019,11,13,Wednesday,14,15,NA,NA,solids,2,squash,ap,18004
635,2019,11,12,Tuesday,7,55,NA,NA,dry,NA,,ap,18004
636,2019,11,12,Tuesday,8,30,NA,NA,wet,NA,,ap,18004
637,2019,11,12,Tuesday,10,30,NA,NA,wet,NA,,ap,18004
638,2019,11,12,Tuesday,13,15,NA,NA,wet,NA,,ap,18004
639,2019,11,12,Tuesday,13,55,NA,NA,bowel,NA,,ap,18004
640,2019,11,12,Tuesday,11,5,NA,NA,bottle,3.5,oz,ap,18004
641,2019,11,12,Tuesday,14,30,NA,NA,bottle,4,oz,ap,18004
642,2019,11,12,Tuesday,11,30,13,1,nap,NA,,ap,18004
643,2019,11,12,Tuesday,10,45,NA,NA,solids,NA,noodles_zucchini,ap,18004
644,2019,11,12,Tuesday,15,0,NA,NA,wet,NA,,ap,18004
645,2019,11,14,Thursday,7,35,NA,NA,wet,NA,,ap,18004
646,2019,11,14,Thursday,8,25,NA,NA,bowel,NA,,ap,18004
647,2019,11,14,Thursday,11,30,NA,NA,wet,NA,,jd,18004
648,2019,11,14,Thursday,13,20,NA,NA,bowel,NA,,ap,18004
649,2019,11,14,Thursday,15,3,NA,NA,wet,NA,,kc,18004
650,2019,11,14,Thursday,8,20,NA,NA,bottle,1.5,oz,ap,18004
651,2019,11,14,Thursday,11,30,NA,NA,bottle,4,oz,jd,18004
652,2019,11,14,Thursday,14,5,NA,NA,bottle,5,oz,ap,18004
653,2019,11,14,Thursday,12,30,NA,NA,solids,2,noodles_zucchini,ap,18004
654,2019,11,14,Thursday,14,30,NA,NA,solids,5,zucchini,ap,18004
655,2019,11,14,Thursday,9,17,11,25,nap,NA,,jd,18004
656,2019,11,15,Friday,6,0,NA,NA,amoxicilin,7,mL,jsmkch,18004
657,2019,11,15,Friday,18,0,NA,NA,amoxicilin,7,mL,jsmkch,18004
658,2019,11,14,Thursday,6,0,NA,NA,amoxicilin,7,mL,jsmkch,18004
659,2019,11,14,Thursday,18,0,NA,NA,amoxicilin,7,mL,jsmkch,18004
660,2019,11,13,Wednesday,6,0,NA,NA,amoxicilin,7,mL,jsmkch,18004
661,2019,11,13,Wednesday,18,0,NA,NA,amoxicilin,7,mL,jsmkch,18004
662,2019,11,12,Tuesday,6,0,NA,NA,amoxicilin,7,mL,jsmkch,18004
663,2019,11,12,Tuesday,18,0,NA,NA,amoxicilin,7,mL,jsmkch,18004
664,2019,11,15,Friday,7,0,NA,NA,wet,NA,,kc,18004
665,2019,11,15,Friday,9,0,NA,NA,wet,NA,,vona,18004
666,2019,11,15,Friday,11,21,NA,NA,wet,NA,,vona,18004
667,2019,11,15,Friday,13,16,NA,NA,wet,NA,,vona,18004
668,2019,11,15,Friday,15,15,NA,NA,wet,NA,,vona,18004
669,2019,11,15,Friday,8,18,NA,NA,bottle,0,oz,vona,18004
670,2019,11,15,Friday,9,15,NA,NA,bottle,3,oz,vona,18004
671,2019,11,15,Friday,11,15,NA,NA,bottle,4,oz,vona,18004
672,2019,11,15,Friday,13,30,NA,NA,bottle,3,oz,vona,18004
673,2019,11,15,Friday,14,15,NA,NA,bottle,4,oz,vona,18004
674,2019,11,15,Friday,11,30,12,12,nap,NA,,vona,18004
675,2019,11,15,Friday,11,0,NA,NA,solids,2,zucchini,vona,18004
676,2019,11,15,Friday,14,0,NA,NA,solids,0,zucchini,vona,18004
677,2019,11,15,Friday,8,15,NA,NA,caregiver_change,NA,,kc_vona,18004
678,2019,11,19,Tuesday,7,40,NA,NA,wet,NA,,ap,18004
679,2019,11,19,Tuesday,9,45,NA,NA,wet,NA,,ap,18004
680,2019,11,19,Tuesday,12,20,NA,NA,wet,NA,,ap,18004
681,2019,11,19,Tuesday,14,15,NA,NA,wet,NA,,ap,18004
682,2019,11,19,Tuesday,8,40,NA,NA,bottle,1.5,oz,ap,18004
683,2019,11,19,Tuesday,10,30,NA,NA,bottle,4,oz,ap,18004
684,2019,11,19,Tuesday,12,35,NA,NA,bottle,3,oz,ap,18004
685,2019,11,19,Tuesday,14,20,NA,NA,bottle,4,oz,ap,18004
686,2019,11,19,Tuesday,8,0,NA,NA,solids,2,toast_egg,ap,18004
687,2019,11,19,Tuesday,10,15,NA,NA,solids,3,egg,ap,18004
688,2019,11,19,Tuesday,14,0,NA,NA,solids,3,egg,ap,18004
689,2019,11,19,Tuesday,10,45,12,0,nap,NA,,ap,18004
690,2019,11,18,Monday,6,0,NA,NA,amoxicilin,7,ml,jsmkch,18004
691,2019,11,18,Monday,8,38,NA,NA,wet,NA,,vona,18004
692,2019,11,18,Monday,10,36,NA,NA,wet,NA,,vona,18004
693,2019,11,18,Monday,12,38,NA,NA,wet,NA,,vona,18004
694,2019,11,18,Monday,12,57,NA,NA,bowel,NA,,vona,18004
695,2019,11,18,Monday,15,0,NA,NA,wet,NA,,vona,18004
696,2019,11,18,Monday,9,0,NA,NA,bottle,6,oz,vona,18004
697,2019,11,18,Monday,11,30,NA,NA,bottle,3,oz,vona,18004
698,2019,11,18,Monday,13,0,NA,NA,bottle,3,oz,vona,18004
699,2019,11,18,Monday,15,0,NA,NA,bottle,2,oz,vona,18004
700,2019,11,18,Monday,11,0,NA,NA,solids,3,irongoo,vona,18004
701,2019,11,18,Monday,14,25,NA,NA,solids,3,irongoo,vona,18004
702,2019,11,18,Monday,11,30,11,59,nap,NA,,vona,18004
703,2019,11,18,Monday,13,13,13,58,nap,NA,,vona,18004
704,2019,11,21,Thursday,8,40,8,47,bottle,3.1,oz,jsm,18004
705,2019,11,21,Thursday,7,15,NA,NA,solids,1,sausage,jsm,18004
706,2019,11,21,Thursday,10,15,11,45,nap,NA,,jsm,18004
707,2019,11,21,Thursday,11,40,NA,NA,trait_mass,8.79,kg,rainbow,18004
708,2019,11,21,Thursday,11,40,NA,NA,trait_length,73,cm,rainbow,18004
709,2019,11,20,Wednesday,7,30,NA,NA,wet,NA,,ap,18004
710,2019,11,20,Wednesday,9,15,NA,NA,bowel,NA,,ap,18004
711,2019,11,20,Wednesday,12,5,NA,NA,wet,NA,,ap,18004
712,2019,11,20,Wednesday,13,30,NA,NA,bowel,NA,,ap,18004
713,2019,11,20,Wednesday,15,0,NA,NA,dry,NA,,ap,18004
714,2019,11,20,Wednesday,8,30,NA,NA,solids,3.5,,ap,18004
715,2019,11,20,Wednesday,10,30,NA,NA,solids,2,,ap,18004
716,2019,11,20,Wednesday,12,20,NA,NA,solids,5,,ap,18004
717,2019,11,20,Wednesday,14,50,NA,NA,solids,4,,ap,18004
718,2019,11,20,Wednesday,8,10,NA,NA,solids,3,egg,ap,18004
719,2019,11,20,Wednesday,10,15,NA,NA,solids,3,irongoo,ap,18004
720,2019,11,20,Wednesday,13,45,NA,NA,solids,2,irongoo,ap,18004
721,2019,11,20,Wednesday,10,47,12,2,nap,NA,,ap,18004
722,2019,12,5,Thursday,7,45,NA,NA,wet,NA,,ap,18004
723,2019,12,5,Thursday,9,20,NA,NA,wet,NA,,ap,18004
724,2019,12,5,Thursday,12,15,NA,NA,wet,NA,,jd,18004
725,2019,12,5,Thursday,14,25,NA,NA,wet,NA,,ap,18004
726,2019,12,5,Thursday,8,5,NA,NA,bottle,3,oz,ap,18004
727,2019,12,5,Thursday,9,45,NA,NA,bottle,3.5,oz,ap,18004
728,2019,12,5,Thursday,12,20,NA,NA,bottle,3.5,oz,ap,18004
729,2019,12,5,Thursday,14,30,NA,NA,bottle,2,oz,ap,18004
730,2019,12,5,Thursday,10,45,12,10,nap,NA,,ap,18004
731,2019,12,5,Thursday,8,0,NA,NA,solids,2,irongoo,ap,18004
732,2019,12,5,Thursday,10,20,NA,NA,solids,3,irongoo,ap,18004
733,2019,12,5,Thursday,14,10,NA,NA,solids,3,irongoo,ap,18004
734,2019,12,4,Wednesday,8,10,NA,NA,wet,NA,,ap,18004
735,2019,12,4,Wednesday,9,35,NA,NA,bowel,NA,,ap,18004
736,2019,12,4,Wednesday,11,15,NA,NA,wet,NA,,ap,18004
737,2019,12,4,Wednesday,12,45,NA,NA,wet,NA,,ap,18004
738,2019,12,4,Wednesday,14,40,NA,NA,wet,NA,,ap,18004
739,2019,12,4,Wednesday,8,30,NA,NA,bottle,4,oz,ap,18004
740,2019,12,4,Wednesday,10,0,NA,NA,bottle,3,oz,ap,18004
741,2019,12,4,Wednesday,11,20,NA,NA,bottle,2,oz,ap,18004
742,2019,12,4,Wednesday,12,50,NA,NA,bottle,1.5,oz,ap,18004
743,2019,12,4,Wednesday,8,0,NA,NA,solids,3,irongoo,ap,18004
744,2019,12,4,Wednesday,11,0,NA,NA,solids,3,irongoo,ap,18004
745,2019,12,4,Wednesday,14,10,NA,NA,solids,2,irongoo,ap,18004
746,2019,12,4,Wednesday,12,0,12,40,nap,NA,,ap,18004
747,2019,12,4,Wednesday,14,30,NA,NA,bottle,3,oz,ap,18004
748,2019,12,3,Tuesday,8,50,NA,NA,dry,NA,,kc,18004
749,2019,12,3,Tuesday,9,30,NA,NA,wet,NA,,kc,18004
750,2019,12,3,Tuesday,11,30,NA,NA,dry,NA,,kc,18004
751,2019,12,3,Tuesday,13,20,NA,NA,wet,NA,,kc,18004
752,2019,12,3,Tuesday,15,7,NA,NA,bowel,NA,,kc,18004
753,2019,12,3,Tuesday,9,0,NA,NA,bottle,3,oz,kc,18004
754,2019,12,3,Tuesday,11,0,NA,NA,bottle,3,oz,kc,18004
755,2019,12,3,Tuesday,13,24,NA,NA,bottle,3,oz,kc,18004
756,2019,12,3,Tuesday,14,35,NA,NA,bottle,3,oz,kc,18004
757,2019,12,3,Tuesday,13,50,14,30,nap,NA,,kc,18004
758,2019,12,3,Tuesday,10,45,NA,NA,solids,3,irongoo,kc,18004
759,2019,12,3,Tuesday,14,35,NA,NA,solids,3,irongoo,kc,18004
760,2019,12,3,Tuesday,7,13,NA,NA,trait_tooth_incisor_upper_right,NA,,jsmkch,18004
761,2019,12,7,Saturday,12,55,NA,NA,trait_tooth_incisor_upper_left,NA,,jsmkch,18004
762,2019,12,10,Tuesday,8,0,NA,NA,wet,NA,,ap,18004
763,2019,12,10,Tuesday,9,50,NA,NA,wet,NA,,ap,18004
764,2019,12,10,Tuesday,11,30,NA,NA,wet,NA,,ap,18004
765,2019,12,10,Tuesday,13,45,NA,NA,wet,NA,,ap,18004
766,2019,12,10,Tuesday,15,20,NA,NA,bowel,NA,,ap,18004
767,2019,12,10,Tuesday,9,25,NA,NA,bottle,4,oz,ap,18004
768,2019,12,10,Tuesday,11,15,NA,NA,bottle,4,oz,ap,18004
769,2019,12,10,Tuesday,14,40,NA,NA,bottle,3,oz,ap,18004
770,2019,12,10,Tuesday,10,10,11,0,nap,NA,,ap,18004
771,2019,12,10,Tuesday,8,20,NA,NA,solids,3,biscuit_gravy_orange,ap,18004
772,2019,12,10,Tuesday,11,20,NA,NA,solids,3,greenbeans,ap,18004
773,2019,12,10,Tuesday,14,20,NA,NA,solids,2,graham_crackers,ap,18004
774,2019,12,12,Thursday,7,40,NA,NA,wet,NA,,ap,18004
775,2019,12,12,Thursday,9,50,NA,NA,wet,NA,,ap,18004
776,2019,12,12,Thursday,11,30,NA,NA,wet,NA,,ap,18004
777,2019,12,12,Thursday,13,20,NA,NA,wet,NA,,ap,18004
778,2019,12,12,Thursday,15,0,NA,NA,wet,NA,,kc,18004
779,2019,12,12,Thursday,9,55,NA,NA,bottle,2,oz,ap,18004
780,2019,12,12,Thursday,10,25,NA,NA,bottle,3,oz,ap,18004
781,2019,12,12,Thursday,13,10,NA,NA,bottle,1,oz,ap,18004
782,2019,12,12,Thursday,14,57,NA,NA,bottle,3,oz,ap,18004
783,2019,12,12,Thursday,10,30,11,20,nap,NA,,ap,18004
784,2019,12,12,Thursday,8,15,NA,NA,solids,3,banana_toast,ap,18004
785,2019,12,12,Thursday,12,15,NA,NA,solids,2,turkey_cheese_applesauce,ap,18004
786,2019,12,12,Thursday,14,0,NA,NA,solids,3,crackers_cheese,ap,18004
787,2019,12,9,Monday,7,45,NA,NA,wet,NA,,ap,18004
788,2019,12,9,Monday,9,30,NA,NA,wet,NA,,ap,18004
789,2019,12,9,Monday,12,20,NA,NA,wet,NA,,vona,18004
790,2019,12,9,Monday,14,20,NA,NA,wet,NA,,ap,18004
791,2019,12,9,Monday,11,5,12,12,nap,NA,,vona,18004
792,2019,12,9,Monday,9,55,NA,NA,bottle,4,oz,ap,18004
793,2019,12,9,Monday,10,45,NA,NA,bottle,4,oz,ap,18004
794,2019,12,9,Monday,13,0,NA,NA,bottle,2,oz,ap,18004
795,2019,12,9,Monday,14,25,NA,NA,bottle,0,oz,ap,18004
796,2019,12,9,Monday,8,0,NA,NA,solids,4,waffle,ap,18004
797,2019,12,9,Monday,10,30,NA,NA,solids,4,irongoo,ap,18004
798,2019,12,9,Monday,14,10,NA,NA,solids,1,apple,ap,18004
799,2019,12,17,Tuesday,7,30,NA,NA,wet,NA,,ap,18004
800,2019,12,17,Tuesday,9,15,NA,NA,wet,NA,,ap,18004
801,2019,12,17,Tuesday,12,23,NA,NA,wet,NA,,ap,18004
802,2019,12,17,Tuesday,14,15,NA,NA,dry,NA,,ap,18004
803,2019,12,17,Tuesday,10,40,NA,NA,bottle,3,oz,ap,18004
804,2019,12,17,Tuesday,13,45,NA,NA,bottle,4,oz,ap,18004
805,2019,12,17,Tuesday,11,5,12,20,nap,NA,,ap,18004
806,2019,12,17,Tuesday,8,0,NA,NA,solids,3,waffle,ap,18004
807,2019,12,17,Tuesday,10,30,NA,NA,solids,0,ham_squash_corn,ap,18004
808,2019,12,17,Tuesday,14,0,NA,NA,solids,3,bread_raisin,ap,18004
809,2019,12,19,Thursday,8,10,NA,NA,wet,NA,,ap,18004
810,2019,12,19,Thursday,10,5,NA,NA,wet,NA,,ap,18004
811,2019,12,19,Thursday,13,7,NA,NA,bowel,NA,,ap,18004
812,2019,12,19,Thursday,15,0,NA,NA,dry,NA,,ap,18004
813,2019,12,19,Thursday,8,55,NA,NA,bottle,1,oz,ap,18004
814,2019,12,19,Thursday,13,13,NA,NA,bottle,1,oz,ap,18004
815,2019,12,19,Thursday,13,40,NA,NA,bottle,2,oz,ap,18004
816,2019,12,19,Thursday,7,50,NA,NA,solids,2.5,irongoo,ap,18004
817,2019,12,19,Thursday,10,20,NA,NA,solids,3,carrot,ap,18004
818,2019,12,19,Thursday,14,30,NA,NA,solids,3,irongoo_carrot,ap,18004
819,2019,12,19,Thursday,11,28,13,5,nap,NA,,ap,18004
820,2019,12,18,Wednesday,8,0,NA,NA,wet,NA,,ap,18004
821,2019,12,18,Wednesday,10,5,NA,NA,wet,NA,,ap,18004
822,2019,12,18,Wednesday,12,25,NA,NA,wet,NA,,ij,18004
823,2019,12,18,Wednesday,14,25,NA,NA,wet,NA,,ap,18004
824,2019,12,18,Wednesday,15,22,NA,NA,dry,NA,,kc,18004
825,2019,12,18,Wednesday,9,55,NA,NA,bottle,3,oz,ap,18004
826,2019,12,18,Wednesday,11,5,NA,NA,bottle,1,oz,ap,18004
827,2019,12,18,Wednesday,13,0,NA,NA,bottle,2,oz,ap,18004
828,2019,12,18,Wednesday,11,10,12,15,nap,NA,,ap,18004
829,2019,12,18,Wednesday,7,50,NA,NA,solids,3,irongoo,ap,18004
830,2019,12,18,Wednesday,10,30,NA,NA,solids,1,squash,ap,18004
831,2019,12,18,Wednesday,14,0,NA,NA,solids,3,irongoo,ap,18004
832,2019,12,13,Friday,7,0,NA,NA,dry,NA,,kc,18004
833,2019,12,13,Friday,9,30,NA,NA,wet,NA,,kc,18004
834,2019,12,13,Friday,10,25,NA,NA,wet,NA,,kc,18004
835,2019,12,13,Friday,12,55,NA,NA,wet,NA,,kc,18004
836,2019,12,13,Friday,14,55,NA,NA,wet,NA,,kc,18004
837,2019,12,13,Friday,8,0,NA,NA,bottle,3,oz,kc,18004
838,2019,12,13,Friday,10,45,NA,NA,bottle,3,oz,kc,18004
839,2019,12,13,Friday,13,30,NA,NA,bottle,1,oz,kc,18004
840,2019,12,13,Friday,14,30,NA,NA,bottle,3,oz,kc,18004
841,2019,12,13,Friday,11,0,12,49,nap,NA,,kc,18004
842,2019,12,13,Friday,10,50,NA,NA,solids,3,irongoo_vegetable,kc,18004
843,2019,12,13,Friday,14,0,NA,NA,solids,3,irongoo,kc,18004
844,2020,1,6,Monday,7,14,NA,NA,dry,NA,,kc,18004
845,2020,1,6,Monday,9,0,NA,NA,wet,NA,,ap,18004
846,2020,1,6,Monday,12,30,NA,NA,wet,NA,,ap,18004
847,2020,1,6,Monday,14,20,NA,NA,wet,NA,,ap,18004
848,2020,1,6,Monday,9,10,NA,NA,bottle,3,oz,ap,18004
849,2020,1,6,Monday,13,25,NA,NA,bottle,4,oz,ap,18004
850,2020,1,6,Monday,11,10,12,17,nap,NA,,ap,18004
851,2020,1,6,Monday,8,0,NA,NA,solids,3,raisinbran,ap,18004
852,2020,1,6,Monday,10,45,NA,NA,solids,3,meatballs_mashedpotato_strawberry,ap,18004
853,2020,1,6,Monday,13,45,NA,NA,solids,3,cheese,ap,18004
854,2019,12,11,Wednesday,7,30,NA,NA,wet,NA,,kc,18004
855,2019,12,11,Wednesday,9,30,NA,NA,wet,NA,,kc,18004
856,2019,12,11,Wednesday,11,35,NA,NA,wet,NA,,ap,18004
857,2019,12,11,Wednesday,14,18,NA,NA,wet,NA,,ap,18004
858,2019,12,11,Wednesday,8,30,NA,NA,bottle,3,oz,kc,18004
859,2019,12,11,Wednesday,10,7,NA,NA,bottle,4,oz,kc,18004
860,2019,12,11,Wednesday,14,5,NA,NA,bottle,4,oz,ap,18004
861,2019,12,11,Wednesday,14,48,NA,NA,bottle,3,oz,ap,18004
862,2019,12,11,Wednesday,10,35,11,32,nap,NA,,ap,18004
863,2019,12,11,Wednesday,8,0,NA,NA,solids,3,cheerio,kc,18004
864,2019,12,11,Wednesday,11,40,NA,NA,solids,2.5,ham_mashedpotato_strawberry,ap,18004
865,2019,12,11,Wednesday,14,0,NA,NA,solids,3,gcracker_apple,ap,18004
866,2020,1,8,Wednesday,10,10,NA,NA,wet,NA,,ap,18004
867,2020,1,8,Wednesday,12,30,NA,NA,wet,NA,,kc,18004
868,2020,1,8,Wednesday,14,25,NA,NA,wet,NA,,ap,18004
869,2020,1,8,Wednesday,11,5,NA,NA,bottle,2,oz,ap,18004
870,2020,1,8,Wednesday,13,15,NA,NA,bottle,3,oz,ap,18004
871,2020,1,8,Wednesday,11,15,12,30,nap,NA,,ap,18004
872,2020,1,8,Wednesday,10,30,NA,NA,solids,3,noodles,ap,18004
873,2020,1,8,Wednesday,14,10,NA,NA,solids,3,fruit,ap,18004
874,2020,1,13,Monday,7,45,NA,NA,wet,NA,,ap,18004
875,2020,1,13,Monday,9,55,NA,NA,wet,NA,,ap,18004
876,2020,1,13,Monday,12,25,NA,NA,wet,NA,,ap,18004
877,2020,1,13,Monday,13,50,NA,NA,wet,NA,,kc,18004
878,2020,1,13,Monday,11,7,12,20,nap,NA,,ap,18004
879,2020,1,13,Monday,11,5,NA,NA,bottle,1,oz,ap,18004
880,2020,1,13,Monday,14,0,NA,NA,bottle,2,oz,ap,18004
881,2020,1,13,Monday,8,15,NA,NA,solids,3,cheerios,ap,18004
882,2020,1,13,Monday,10,50,NA,NA,solids,3,noodles,ap,18004
883,2020,1,13,Monday,14,5,NA,NA,solids,2,apple,ap,18004
884,2020,1,14,Tuesday,8,10,NA,NA,wet,NA,,ap,18004
885,2020,1,14,Tuesday,10,10,NA,NA,wet,NA,,ap,18004
886,2020,1,14,Tuesday,12,0,NA,NA,wet,NA,,ap,18004
887,2020,1,14,Tuesday,14,30,NA,NA,wet,NA,,ap,18004
888,2020,1,14,Tuesday,9,15,NA,NA,bottle,2,oz,ap,18004
889,2020,1,14,Tuesday,13,10,NA,NA,bottle,0.5,oz,ap,18004
890,2020,1,14,Tuesday,10,27,11,30,nap,NA,,ap,18004
891,2020,1,14,Tuesday,8,40,NA,NA,solids,1,toast_apple,ap,18004
892,2020,1,14,Tuesday,11,30,NA,NA,solids,2.5,apple,ap,18004
893,2020,1,14,Tuesday,14,15,NA,NA,solids,3,fruit,ap,18004
894,2020,1,10,Friday,8,30,NA,NA,wet,NA,,ap,18004
895,2020,1,10,Friday,9,15,NA,NA,bowel,NA,,ap,18004
896,2020,1,10,Friday,12,50,NA,NA,wet,NA,,ap,18004
897,2020,1,10,Friday,9,0,NA,NA,bottle,1,oz,ap,18004
898,2020,1,10,Friday,11,20,NA,NA,bottle,2,oz,ap,18004
899,2020,1,10,Friday,8,0,NA,NA,solids,3,cheese_toast_apple,ap,18004
900,2020,1,10,Friday,11,5,NA,NA,solids,3,noodles_banana_veggies,ap,18004
901,2020,1,10,Friday,14,10,NA,NA,solids,3,gcracker,ap,18004
902,2020,1,10,Friday,11,25,12,30,nap,NA,,ap,18004
903,2020,1,9,Thursday,7,5,NA,NA,dry,NA,,kc,18004
904,2020,1,9,Thursday,8,30,NA,NA,wet,NA,,ap,18004
905,2020,1,9,Thursday,10,20,NA,NA,wet,NA,,ap,18004
906,2020,1,9,Thursday,12,45,NA,NA,wet,NA,,ap,18004
907,2020,1,9,Thursday,14,30,NA,NA,wet,NA,,ap,18004
908,2020,1,9,Thursday,9,35,NA,NA,bottle,1,oz,ap,18004
909,2020,1,9,Thursday,11,0,NA,NA,bottle,0,oz,ap,18004
910,2020,1,9,Thursday,12,55,NA,NA,bottle,1.5,oz,ap,18004
911,2020,1,9,Thursday,8,10,NA,NA,solids,2,fruit,ap,18004
912,2020,1,9,Thursday,10,40,NA,NA,solids,3,noodles,ap,18004
913,2020,1,9,Thursday,14,5,NA,NA,solids,3,fruit,ap,18004
914,2020,1,9,Thursday,11,10,11,45,nap,NA,,ap,18004
915,2020,1,15,Wednesday,8,30,NA,NA,wet,NA,,ap,18004
916,2020,1,15,Wednesday,10,6,NA,NA,bowel,NA,,kc,18004
917,2020,1,15,Wednesday,12,12,NA,NA,wet,NA,,ap,18004
918,2020,1,15,Wednesday,14,0,NA,NA,dry,NA,,ap,18004
919,2020,1,15,Wednesday,11,7,12,9,nap,NA,,ap,18004
920,2020,1,15,Wednesday,9,10,NA,NA,bottle,0,oz,ap,18004
921,2020,1,15,Wednesday,11,0,NA,NA,bottle,1,oz,ap,18004
922,2020,1,15,Wednesday,13,0,NA,NA,bottle,0,oz,ap,18004
923,2020,1,15,Wednesday,8,10,NA,NA,solids,3,cereal,ap,18004
924,2020,1,15,Wednesday,10,50,NA,NA,solids,2,turkey_potato_pineapple,ap,18004
925,2020,1,15,Wednesday,13,55,NA,NA,solids,NA,banana_animalcrackers,ap,18004
926,2020,1,16,Thursday,7,2,NA,NA,dry,NA,,kc,18004
927,2020,1,16,Thursday,8,30,NA,NA,wet,NA,,ap,18004
928,2020,1,16,Thursday,10,30,NA,NA,wet,NA,,ap,18004
929,2020,1,16,Thursday,12,20,NA,NA,wet,NA,,ap,18004
930,2020,1,16,Thursday,14,6,NA,NA,wet,NA,,kc,18004
931,2020,1,16,Thursday,9,30,NA,NA,bottle,0.5,oz,ap,18004
932,2020,1,16,Thursday,14,20,NA,NA,bottle,0,oz,ap,18004
933,2020,1,16,Thursday,11,20,12,15,nap,NA,,ap,18004
934,2020,1,16,Thursday,8,10,NA,NA,solids,3,toast_oatmeal,ap,18004
935,2020,1,16,Thursday,10,45,NA,NA,solids,3,chicken_broccoli_pineapple,ap,18004
936,2020,1,16,Thursday,12,25,NA,NA,solids,3,blueberries,ap,18004
937,2020,1,16,Thursday,13,45,NA,NA,solids,3,blueberries_animalcrackers_yogurt,ap,18004
938,2020,1,21,Tuesday,8,20,NA,NA,wet,NA,,ap,18004
939,2020,1,21,Tuesday,10,15,NA,NA,dry,NA,,ap,18004
940,2020,1,21,Tuesday,12,25,NA,NA,wet,NA,,kc,18004
941,2020,1,21,Tuesday,14,20,NA,NA,wet,NA,,ap,18004
942,2020,1,21,Tuesday,8,25,NA,NA,bottle,0,water,ap,18004
943,2020,1,21,Tuesday,9,40,NA,NA,bottle,0,water,ap,18004
944,2020,1,21,Tuesday,10,50,NA,NA,bottle,0,water,ap,18004
945,2020,1,21,Tuesday,13,0,NA,NA,bottle,1,oz,ap,18004
946,2020,1,21,Tuesday,11,5,12,20,nap,NA,,ap,18004
947,2020,1,21,Tuesday,8,5,NA,NA,solids,3,toast_oranges,ap,18004
948,2020,1,21,Tuesday,10,50,NA,NA,solids,3,fishsticks_borccoli_applesauce,ap,18004
949,2020,1,21,Tuesday,12,50,NA,NA,solids,3,carrots,ap,18004
950,2020,1,21,Tuesday,14,5,NA,NA,solids,3,gcrackers,ap,18004
951,2020,1,22,Wednesday,7,2,NA,NA,wet,NA,,kc,18004
952,2020,1,22,Wednesday,9,0,NA,NA,wet,NA,,mb,18004
953,2020,1,22,Wednesday,10,45,NA,NA,wet,NA,,kc,18004
954,2020,1,22,Wednesday,11,30,NA,NA,bowel,NA,,kc,18004
955,2020,1,22,Wednesday,13,59,NA,NA,wet,NA,,kc,18004
956,2020,1,22,Wednesday,10,30,NA,NA,bottle,0,water,kc,18004
957,2020,1,22,Wednesday,13,38,NA,NA,bottle,0,water,kc,18004
958,2020,1,22,Wednesday,14,29,NA,NA,bottle,2,oz,kc,18004
959,2020,1,22,Wednesday,11,55,13,0,nap,NA,,kc,18004
960,2020,1,22,Wednesday,8,0,NA,NA,solids,2.5,applesauce_eggs,kc,18004
961,2020,1,22,Wednesday,10,50,NA,NA,solids,3,noodles_veggies_cheese,kc,18004
962,2020,1,22,Wednesday,14,0,NA,NA,solids,3,crackers_cheese,kc,18004
963,2020,2,6,Thursday,NA,NA,NA,NA,trait_tooth_incisor_lateral_upper_right,NA,,kch,18004
964,2020,2,11,Tuesday,NA,NA,NA,NA,trait_tooth_incisor_lateral_upper_left,NA,,jsm,18004
965,2020,1,30,Thursday,NA,NA,NA,NA,trait_length,74.9,cm,rainbow,18004
966,2020,1,30,Thursday,NA,NA,NA,NA,trait_mass,9.92,kg,rainbow,18004
967,2020,1,30,Thursday,NA,NA,NA,NA,trait_head_circum,45.7,cm,rainbow,18004
968,2020,2,10,Monday,NA,NA,NA,NA,skill_step,NA,,kc,18004
969,2020,3,13,Friday,NA,NA,NA,NA,trait_mass,10.348,kg,rainbow,18004
970,2020,3,10,Tuesday,NA,NA,NA,NA,skill_walking,NA,,jsmkch,18004
971,2020,3,13,Friday,18,0,NA,NA,amoxicilin,3,mL,jsm,18004
972,2020,3,14,Saturday,8,0,NA,NA,amoxicilin,3,mL,jsm,18004
973,2020,3,14,Saturday,18,0,NA,NA,amoxicilin,3,mL,jsm,18004
974,2020,3,15,Sunday,8,0,NA,NA,amoxicilin,3,mL,jsm,18004
975,2020,3,15,Sunday,18,0,NA,NA,amoxicilin,3,mL,jsm,18004
976,2020,3,16,Monday,8,0,NA,NA,amoxicilin,3,mL,jsm,18004
977,2020,3,16,Monday,18,0,NA,NA,amoxicilin,3,mL,jsm,18004
978,2020,3,17,Tuesday,8,0,NA,NA,amoxicilin,3,mL,jsm,18004
979,2020,3,17,Tuesday,18,0,NA,NA,amoxicilin,3,mL,jsm,18004
980,2020,3,14,Saturday,8,0,NA,NA,predisolone,5,mL,jsm,18004
981,2020,3,15,Sunday,8,0,NA,NA,predisolone,5,mL,jsm,18004
982,2020,3,16,Monday,8,0,NA,NA,predisolone,5,mL,jsm,18004
983,2020,3,17,Tuesday,8,0,NA,NA,predisolone,5,mL,jsm,18004
984,2020,3,18,Wednesday,8,0,NA,NA,predisolone,5,mL,jsm,18004
985,2020,3,12,Thursday,NA,NA,NA,NA,start_home_covid19,NA,,jsm,18004
986,2020,3,18,Wednesday,8,0,NA,NA,amoxicilin,3,mL,jsm,18004
987,2020,3,18,Wednesday,18,0,NA,NA,amoxicilin,3,mL,jsm,18004
988,2020,3,19,Thursday,8,0,NA,NA,amoxicilin,3,mL,jsm,18004
989,2020,3,20,Friday,8,0,NA,NA,amoxicilin,3,mL,jsm,18004
990,2020,3,20,Friday,18,0,NA,NA,amoxicilin,3,mL,jsm,18004
991,2020,3,21,Saturday,8,0,NA,NA,amoxicilin,3,mL,jsm,18004
992,2020,4,7,Tuesday,NA,NA,NA,NA,trait_tooth_incisor_lower_right_lateral,NA,,kch,18004
993,2020,4,16,Wednesday,NA,NA,NA,NA,trait_tooth_incisor_lower_left_lateral,NA,,jsm,18004
994,2020,5,25,Monday,NA,NA,NA,NA,trait_tooth_molar_lower_right,NA,,jsm,18004
995,2020,5,25,Monday,NA,NA,NA,NA,trait_tooth_molar_lower_left,NA,,jsm,18004
996,2020,4,30,Thursday,NA,NA,NA,NA,trait_mass,10.66,kg,rainbow,18004
997,2020,4,30,Thursday,NA,NA,NA,NA,trait_length,80.01,cm,rainbow,18004
998,2020,6,15,Monday,NA,NA,NA,NA,trait_tooth_canine_lower_right,NA,,jsm,18004
999,2020,6,15,Monday,NA,NA,NA,NA,trait_tooth_canine_lower_left,NA,,jsm,18004
1000,2020,6,20,Saturday,NA,NA,NA,NA,trait_tooth_molar_upper_right,NA,,kch,18004
1001,2020,8,10,Monday,NA,NA,NA,NA,trait_mass,11.82,kg,rainbow,18004
1002,2020,7,31,Friday,NA,NA,NA,NA,trait_mass,11.57,kg,hottinger,18004
1003,2020,8,10,Monday,NA,NA,NA,NA,trait_length,83.82,cm,rainbow,18004
1004,2020,6,25,Thursday,NA,NA,NA,NA,trait_tooth_molar_upper_left,NA,,kch,18004
1005,2020,12,7,Monday,NA,NA,NA,NA,skill_self_reference,NA,"our car zoom beren" ah cah zoom beh,jsm,18004
1006,2020,11,18,Wednesday,NA,NA,NA,NA,start_home_covid19,NA,,jsm,18004
1007,2020,8,11,Tuesday,NA,NA,NA,NA,stop_home_covid19,NA,,jsm,18004
1008,2020,11,7,Saturday,NA,NA,NA,NA,skill_sentence,NA,"cars go zoom" cah zoom,jsm,18004
1009,2020,12,14,Monday,NA,NA,NA,NA,skill_count,NA,to four; counted two blocks when I tried to trick him,jsm,18004
1010,2021,1,28,Wednesday,9,0,NA,NA,dry,NA,,aym,18004
1011,2021,1,28,Wednesday,10,39,NA,NA,wet,NA,,aym,18004
1012,2021,1,28,Wednesday,13,50,NA,NA,wet,NA,,aym,18004
1013,2021,1,28,Wednesday,11,40,13,50,nap,NA,,aym,18004
1014,2021,1,27,Tuesday,8,0,NA,NA,wet,NA,,aym,18004
1015,2021,1,27,Tuesday,10,30,NA,NA,bowel,NA,,aym,18004
1016,2021,1,27,Tuesday,13,45,NA,NA,wet,NA,,aym,18004
1017,2021,1,27,Tuesday,11,30,13,45,nap,NA,,aym,18004
1018,2020,8,27,,8,5,NA,NA,wet,NA,,ap,18004
1019,2020,8,27,,10,30,NA,NA,wet,NA,,am,18004
1020,2020,8,27,,13,40,NA,NA,wet,NA,,kc,18004
1021,2020,8,27,,15,5,NA,NA,wet,NA,,kc,18004
1022,2020,8,27,,11,50,13,40,nap,NA,,am,18004
1023,2021,1,22,Thursday,8,39,NA,NA,wet,NA,,ap,18004
1024,2021,1,22,Thursday,10,39,NA,NA,wet,NA,,kc,18004
1025,2021,1,22,Thursday,13,45,NA,NA,wet,NA,,kc,18004
1026,2021,1,22,Thursday,11,30,13,45,nap,NA,,kc,18004
1027,2020,3,9,,8,5,NA,NA,wet,NA,,ap,18004
1028,2020,3,9,,9,38,NA,NA,wet,NA,,kc,18004
1029,2020,3,9,,11,0,NA,NA,wet,NA,,kc,18004
1030,2020,3,9,,13,0,NA,NA,wet,NA,,kc,18004
1031,2020,3,9,,9,0,NA,NA,bottle,2,oz,kc,18004
1032,2020,3,9,,11,15,NA,NA,bottle,2,oz,kc,18004
1033,2020,3,9,,11,45,12,45,nap,NA,,kc,18004
1034,2020,3,12,,10,0,NA,NA,wet,NA,,ij,18004
1035,2020,3,12,,13,25,NA,NA,wet,NA,,jd,18004
1036,2021,1,20,Wednesday,9,0,NA,NA,wet,NA,,aym,18004
1037,2021,1,20,Wednesday,10,30,NA,NA,bowel,NA,,aym,18004
1038,2021,1,20,Wednesday,13,57,NA,NA,wet,NA,,aym,18004
1039,2021,1,20,Wednesday,12,0,13,0,nap,NA,,aym,18004
1040,2021,1,21,Thursday,9,0,NA,NA,wet,NA,,ap,18004
1041,2021,1,21,Thursday,10,30,NA,NA,wet,NA,,aym,18004
1042,2021,1,21,Thursday,13,30,NA,NA,wet,NA,,aym,18004
1043,2021,1,21,Thursday,11,48,13,0,nap,NA,,aym,18004
1044,2020,2,26,,7,30,NA,NA,wet,NA,,ap,18004
1045,2020,2,26,,9,13,NA,NA,dry,NA,,ij,18004
1046,2020,2,26,,10,33,NA,NA,wet,NA,,kc,18004
1047,2020,2,26,,13,0,NA,NA,dry,NA,,ij,18004
1048,2020,2,26,,14,22,NA,NA,wet,NA,,kc,18004
1049,2020,2,26,,8,0,NA,NA,bottle,3,oz,kc,18004
1050,2020,2,26,,10,0,NA,NA,bottle,3,oz,kc,18004
1051,2020,2,26,,11,0,NA,NA,bottle,3,oz,kc,18004
1052,2020,2,26,,14,0,NA,NA,water,NA,,ij,18004
1053,2020,2,26,,11,10,12,52,nap,NA,,kc,18004
1054,2020,3,3,,8,5,NA,NA,wet,NA,,ap,18004
1055,2020,3,3,,10,40,NA,NA,wet,NA,,kc,18004
1056,2020,3,3,,13,47,NA,NA,wet,NA,,kc,18004
1057,2020,3,3,,9,0,NA,NA,bottle,4,oz,kc,18004
1058,2020,3,3,,11,0,NA,NA,bottle,4,oz,kc,18004
1059,2020,3,3,,14,0,NA,NA,water,NA,,kc,18004
1060,2020,3,3,,11,45,13,40,nap,NA,,kc,18004
1061,2021,1,19,Tuesday,8,44,NA,NA,dry,NA,,aym,18004
1062,2021,1,19,Tuesday,10,31,NA,NA,wet,NA,,aym,18004
1063,2021,1,19,Tuesday,14,26,NA,NA,wet,NA,,mb,18004
1064,2021,1,19,Tuesday,12,8,14,0,nap,NA,,aym,18004
1065,2020,2,10,,8,50,NA,NA,wet,NA,,kc,18004
1066,2020,2,10,,10,30,NA,NA,wet,NA,,kc,18004
1067,2020,2,10,,12,30,NA,NA,wet,NA,,kc,18004
1068,2020,2,10,,14,5,NA,NA,wet,NA,,kc,18004
1069,2020,2,10,,8,0,NA,NA,bottle,3,oz,kc,18004
1070,2020,2,10,,11,10,NA,NA,bottle,3,oz,kc,18004
1071,2020,2,10,,13,10,NA,NA,water,NA,,kc,18004
1072,2020,2,10,,14,9,NA,NA,water,NA,,kc,18004
1073,2020,2,10,,11,30,12,15,nap,NA,,kc,18004
1074,2020,2,20,,8,30,NA,NA,wet,NA,,ap,18004
1075,2020,2,20,,10,30,NA,NA,wet,NA,,ap,18004
1076,2020,2,20,,12,35,NA,NA,wet,NA,,ap,18004
1077,2020,2,20,,14,14,NA,NA,wet,NA,,kc,18004
1078,2020,2,20,,9,15,NA,NA,bottle,2,oz,ap,18004
1079,2020,2,20,,11,10,NA,NA,bottle,1,oz,ap,18004
1080,2020,2,20,,12,50,NA,NA,water,NA,,kc,18004
1081,2020,2,20,,13,55,NA,NA,water,NA,,kc,18004
1082,2020,2,20,,11,35,12,33,nap,NA,,kc,18004
1083,2020,8,26,,7,45,NA,NA,dry,NA,,am,18004
1084,2020,8,26,,8,40,NA,NA,bowel,NA,,ap,18004
1085,2020,8,26,,11,45,NA,NA,dry,NA,,am,18004
1086,2020,8,26,,13,30,NA,NA,wet,NA,,kc,18004
1087,2020,8,26,,15,30,NA,NA,wet,NA,,kc,18004
1088,2020,8,26,,11,20,NA,NA,bottle,3,oz,am,18004
1089,2020,8,26,,14,0,NA,NA,water,NA,,ap,18004
1090,2020,8,26,,8,0,NA,NA,water,NA,,ap,18004
1091,2020,8,26,,11,50,13,30,nap,NA,,kc,18004
1092,2020,3,5,,8,30,NA,NA,wet,NA,,ap,18004
1093,2020,3,5,,10,30,NA,NA,wet,NA,,kc,18004
1094,2020,3,5,,13,30,NA,NA,wet,NA,,kc,18004
1095,2020,3,5,,9,30,NA,NA,bottle,1,oz,kc,18004
1096,2020,3,5,,11,0,NA,NA,bottle,0,oz,kc,18004
1097,2020,3,5,,13,45,NA,NA,water,NA,,kc,18004
1098,2020,3,5,,14,30,NA,NA,bottle,0,oz,kc,18004
1099,2020,3,5,,11,20,12,15,nap,NA,,kc,18004
1100,2020,2,25,,8,30,NA,NA,wet,NA,,ap,18004
1101,2020,2,25,,10,35,NA,NA,dry,NA,,ij,18004
1102,2020,2,25,,12,45,NA,NA,wet,NA,,ij,18004
1103,2020,2,25,,14,50,NA,NA,wet,NA,,ij,18004
1104,2020,3,2,,8,15,NA,NA,wet,NA,,ap,18004
1105,2020,3,2,,10,45,NA,NA,wet,NA,,kc,18004
1106,2020,3,2,,12,45,NA,NA,wet,NA,,kc,18004
1107,2020,3,2,,15,0,NA,NA,wet,NA,,ij,18004
1108,2020,3,2,,9,0,NA,NA,bottle,4,oz,kc,18004
1109,2020,3,2,,11,0,NA,NA,bottle,4,oz,kc,18004
1110,2020,3,2,,11,30,12,30,nap,NA,,kc,18004
1111,2020,8,24,,9,45,NA,NA,wet,NA,,ap,18004
1112,2020,8,24,,11,54,NA,NA,wet,NA,,ap,18004
1113,2020,8,24,,13,35,NA,NA,wet,NA,,ap,18004
1114,2020,8,24,,13,57,NA,NA,bowel,NA,,ap,18004
1115,2020,8,24,,15,10,NA,NA,wet,NA,,ap,18004
1116,2020,8,24,,8,15,NA,NA,bottle,0,oz,ap,18004
1117,2020,8,24,,10,35,NA,NA,water,1,oz,ap,18004
1118,2020,8,24,,10,45,11,49,nap,NA,,ap,18004
1119,2020,10,8,,8,15,NA,NA,wet,NA,,ap,18004
1120,2020,10,8,,10,30,NA,NA,wet,NA,,am,18004
1121,2020,10,8,,13,30,NA,NA,wet,NA,,am,18004
1122,2020,10,8,,14,25,NA,NA,bowel,NA,,am,18004
1123,2020,10,8,,11,30,13,30,nap,NA,,am,18004
1124,2020,10,7,,7,45,NA,NA,bowel,NA,,am,18004
1125,2020,10,7,,10,20,NA,NA,wet,NA,,ap,18004
1126,2020,10,7,,13,25,NA,NA,wet,NA,,ap,18004
1127,2020,10,7,,14,45,NA,NA,wet,NA,,am,18004
1128,2020,10,7,,11,15,13,20,nap,NA,,ap,18004
1129,2020,10,6,,8,15,NA,NA,wet,NA,,am,18004
1130,2020,10,6,,10,5,NA,NA,wet,NA,,melody,18004
1131,2020,10,6,,13,10,NA,NA,wet,NA,,melody,18004
1132,2020,10,6,,11,30,13,0,nap,NA,,melody,18004
1133,2020,9,1,,8,10,NA,NA,dry,NA,,ap,18004
1134,2020,9,1,,10,30,NA,NA,bowel,NA,,am,18004
1135,2020,9,1,,13,40,NA,NA,dry,NA,,am,18004
1136,2020,9,1,,15,30,NA,NA,bowel,NA,,am,18004
1137,2020,9,1,,11,45,13,40,nap,NA,,am,18004
1138,2020,9,2,,8,30,NA,NA,bowel,NA,,aym,18004
1139,2020,9,2,,10,30,NA,NA,wet,NA,,kc,18004
1140,2020,9,2,,13,30,NA,NA,wet,NA,,am,18004
1141,2020,9,2,,14,40,NA,NA,bowel,NA,,kc,18004
1142,2020,9,2,,11,30,12,15,nap,NA,,kc,18004
1143,2020,10,5,,8,0,NA,NA,wet,NA,,ap,18004
1144,2020,10,5,,10,30,NA,NA,wet,NA,,kc,18004
1145,2020,10,5,,13,35,NA,NA,wet,NA,,kc,18004
1146,2020,10,5,,11,30,13,30,nap,NA,,kc,18004
1147,2020,3,10,,8,40,NA,NA,wet,NA,,ap,18004
1148,2020,3,10,,10,45,NA,NA,wet,NA,,kc,18004
1149,2020,3,10,,12,35,NA,NA,dry,NA,,kc,18004
1150,2020,3,10,,14,10,NA,NA,wet,NA,,kc,18004
1151,2020,3,10,,9,0,NA,NA,bottle,1,oz,kc,18004
1152,2020,3,10,,11,0,NA,NA,bottle,2,oz,kc,18004
1153,2020,3,10,,12,37,NA,NA,water,NA,,kc,18004
1154,2020,3,10,,14,0,NA,NA,water,NA,,kc,18004
1155,2020,3,10,,11,45,12,30,nap,NA,,kc,18004
1156,2020,2,13,,8,45,NA,NA,wet,NA,,ap,18004
1157,2020,2,13,,9,15,NA,NA,bowel,NA,,ap,18004
1158,2020,2,13,,10,40,NA,NA,wet,NA,,ij,18004
1159,2020,2,13,,13,45,NA,NA,wet,NA,,ij,18004
1160,2020,2,13,,11,20,13,0,nap,NA,,ij,18004
1161,2020,2,5,,7,45,NA,NA,dry,NA,,ap,18004
1162,2020,2,5,,8,55,NA,NA,wet,NA,,melody,18004
1163,2020,2,5,,10,15,NA,NA,bowel,NA,,kc,18004
1164,2020,2,5,,13,5,NA,NA,dry,NA,,melody,18004
1165,2020,2,5,,9,30,NA,NA,bottle,3,oz,melody,18004
1166,2020,2,5,,11,0,NA,NA,water,NA,,melody,18004
1167,2020,2,5,,14,0,NA,NA,bottle,3,oz,melody,18004
1168,2020,2,5,,11,10,12,55,nap,NA,,melody,18004
1169,2020,2,19,,8,25,NA,NA,wet,NA,,ap,18004
1170,2020,2,19,,10,15,NA,NA,wet,NA,,kc,18004
1171,2020,2,19,,12,50,NA,NA,wet,NA,,ap,18004
1172,2020,2,19,,13,15,NA,NA,bowel,NA,,ap,18004
1173,2020,2,19,,9,15,NA,NA,bottle,2,oz,ap,18004
1174,2020,2,19,,12,55,NA,NA,bottle,1,oz,ap,18004
1175,2020,2,19,,11,10,12,15,nap,NA,,ap,18004
1176,2020,2,14,,8,15,NA,NA,wet,NA,,ap,18004
1177,2020,2,14,,10,5,NA,NA,wet,NA,,ap,18004
1178,2020,2,14,,11,10,NA,NA,bowel,NA,,ap,18004
1179,2020,2,14,,12,57,NA,NA,wet,NA,,ap,18004
1180,2020,2,14,,14,15,NA,NA,wet,NA,,ap,18004
1181,2020,2,14,,9,45,NA,NA,bottle,2,oz,ap,18004
1182,2020,2,14,,12,45,NA,NA,bottle,2,oz,ap,18004
1183,2020,2,14,,11,15,12,30,nap,NA,,ap,18004
1184,2020,2,18,,8,5,NA,NA,wet,NA,,ap,18004
1185,2020,2,18,,10,30,NA,NA,bowel,NA,,kc,18004
1186,2020,2,18,,13,50,NA,NA,wet,NA,,kc,18004
1187,2020,2,18,,9,0,NA,NA,bottle,3,oz,kc,18004
1188,2020,2,18,,11,0,NA,NA,bottle,3,oz,kc,18004
1189,2020,2,18,,14,0,NA,NA,water,NA,,kc,18004
1190,2020,2,18,,11,20,13,20,nap,NA,,kc,18004
1191,2020,2,11,,8,10,NA,NA,wet,NA,,ap,18004
1192,2020,2,11,,10,15,NA,NA,wet,NA,,ap,18004
1193,2020,2,11,,12,5,NA,NA,bowel,NA,,ap,18004
1194,2020,2,11,,14,0,NA,NA,wet,NA,,ap,18004
1195,2020,2,11,,9,15,NA,NA,bottle,2,,ap,18004
1196,2020,2,11,,12,42,NA,NA,bottle,2,,ap,18004
1197,2020,2,11,,13,40,NA,NA,bottle,1,,ap,18004
1198,2020,2,11,,11,5,11,59,nap,NA,,ap,18004
1199,2020,2,4,,7,30,NA,NA,wet,NA,,kc,18004
1200,2020,2,4,,9,20,NA,NA,wet,NA,,ap,18004
1201,2020,2,4,,11,45,NA,NA,wet,NA,,ap,18004
1202,2020,2,4,,14,40,NA,NA,wet,NA,,ap,18004
1203,2020,2,4,,9,0,NA,NA,bottle,3,oz,ap,18004
1204,2020,2,4,,11,0,NA,NA,bottle,3,oz,ap,18004
1205,2020,2,4,,13,35,NA,NA,bottle,3,oz,ap,18004
1206,2020,2,4,,13,50,14,35,nap,NA,,ap,18004
1207,2020,9,28,,7,45,NA,NA,bowel,NA,,kc,18004
1208,2020,9,28,,10,30,NA,NA,wet,NA,,am,18004
1209,2020,9,28,,13,30,NA,NA,wet,NA,,am,18004
1210,2020,9,29,,8,0,NA,NA,wet,NA,,am,18004
1211,2020,9,29,,9,45,NA,NA,bowel,NA,,am,18004
1212,2020,9,29,,10,30,NA,NA,dry,NA,,am,18004
1213,2020,9,29,,13,38,NA,NA,wet,NA,,am,18004
1214,2020,9,29,,11,0,13,30,nap,NA,,am,18004
1215,2020,9,30,,8,0,NA,NA,bowel,NA,,ap,18004
1216,2020,9,30,,10,30,NA,NA,wet,NA,,am,18004
1217,2020,9,30,,13,45,NA,NA,wet,NA,,am,18004
1218,2020,9,30,,14,30,NA,NA,bowel,NA,,am,18004
1219,2020,9,30,,11,30,13,40,nap,NA,,am,18004
1220,2020,10,1,,8,0,NA,NA,bowel,NA,,am,18004
1221,2020,10,1,,10,30,NA,NA,wet,NA,,am,18004
1222,2020,10,1,,13,30,NA,NA,wet,NA,,kc,18004
1223,2020,10,1,,11,30,13,30,nap,NA,,am,18004
1224,2020,10,2,,8,15,NA,NA,bowel,NA,,kc,18004
1225,2020,10,2,,10,15,NA,NA,dry,NA,,ap,18004
1226,2020,10,2,,11,48,NA,NA,wet,NA,,ap,18004
1227,2020,10,2,,13,40,NA,NA,wet,NA,,ap,18004
1228,2020,10,2,,15,2,NA,NA,wet,NA,,ap,18004
1229,2020,10,2,,10,57,11,46,nap,NA,,ap,18004
1230,2020,1,21,,8,20,NA,NA,wet,NA,,ap,18004
1231,2020,1,21,,10,15,NA,NA,dry,NA,,ap,18004
1232,2020,1,21,,12,25,NA,NA,wet,NA,,kc,18004
1233,2020,1,21,,14,20,NA,NA,wet,NA,,ap,18004
1234,2020,1,21,,8,25,NA,NA,water,NA,,ap,18004
1235,2020,1,21,,9,40,NA,NA,water,NA,,ap,18004
1236,2020,1,21,,10,50,NA,NA,water,NA,,ap,18004
1237,2020,1,21,,13,0,NA,NA,bottle,1,oz,ap,18004
1238,2020,1,21,,11,5,12,20,nap,NA,,ap,18004
1239,2020,2,21,,8,30,NA,NA,wet,NA,,ap,18004
1240,2020,2,21,,10,10,NA,NA,bowel,NA,,ap,18004
1241,2020,2,21,,12,45,NA,NA,wet,NA,,ap,18004
1242,2020,2,21,,14,46,NA,NA,wet,NA,,kc,18004
1243,2020,2,21,,9,20,NA,NA,bottle,2,oz,ap,18004
1244,2020,2,21,,11,5,NA,NA,water,NA,,ap,18004
1245,2020,2,21,,13,10,NA,NA,bottle,2,oz,ap,18004
1246,2020,2,21,,11,25,12,8,nap,NA,,ap,18004
1247,2020,2,6,,8,10,NA,NA,wet,NA,,ap,18004
1248,2020,2,6,,10,5,NA,NA,bowel,NA,,ap,18004
1249,2020,2,6,,9,25,NA,NA,bottle,3,oz,ap,18004
1250,2020,2,6,,11,0,NA,NA,bottle,3,oz,ap,18004
1251,2020,2,24,,8,20,NA,NA,wet,NA,,ap,18004
1252,2020,2,24,,10,20,NA,NA,wet,NA,,kc,18004
1253,2020,2,24,,13,30,NA,NA,wet,NA,,kc,18004
1254,2020,2,24,,8,0,NA,NA,bottle,3,oz,kc,18004
1255,2020,2,24,,11,0,NA,NA,bottle,3,oz,kc,18004
1256,2020,2,24,,13,30,NA,NA,water,NA,,kc,18004
1257,2020,2,24,,11,20,13,20,nap,NA,,kc,18004
1258,2020,1,28,,8,10,NA,NA,wet,NA,,ap,18004
1259,2020,1,28,,10,5,NA,NA,bowel,NA,,ap,18004
1260,2020,1,28,,12,40,NA,NA,wet,NA,,ap,18004
1261,2020,1,28,,14,15,NA,NA,dry,NA,,ap,18004
1262,2020,1,28,,10,10,NA,NA,bottle,2,oz,ap,18004
1263,2020,1,28,,11,10,NA,NA,bottle,1,oz,ap,18004
1264,2020,1,28,,14,50,NA,NA,water,NA,,ap,18004
1265,2020,1,28,,11,15,12,20,nap,NA,,ap,18004
1266,2020,1,30,,8,20,NA,NA,wet,NA,,kc,18004
1267,2020,1,30,,10,20,NA,NA,wet,NA,,kc,18004
1268,2020,1,30,,12,32,NA,NA,wet,NA,,kc,18004
1269,2020,1,30,,14,34,NA,NA,dry,NA,,kc,18004
1270,2020,1,30,,8,50,NA,NA,bottle,3,oz,kc,18004
1271,2020,1,30,,10,50,NA,NA,water,NA,,kc,18004
1272,2020,1,30,,12,30,NA,NA,bottle,3,oz,kc,18004
1273,2020,1,30,,14,12,NA,NA,bottle,3,oz,kc,18004
1274,2020,1,30,,11,5,12,29,nap,NA,,kc,18004
1275,2020,1,23,,7,14,NA,NA,wet,NA,,kc,18004
1276,2020,1,23,,9,0,NA,NA,wet,NA,,ac,18004
1277,2020,1,23,,10,30,NA,NA,wet,NA,,kc,18004
1278,2020,1,23,,13,0,NA,NA,bowel,NA,,kc,18004
1279,2020,1,23,,11,0,NA,NA,water,NA,,kc,18004
1280,2020,1,23,,13,30,NA,NA,bottle,3,oz,kc,18004
1281,2020,1,23,,11,10,12,50,nap,NA,,kc,18004
1282,2020,1,17,,7,33,NA,NA,bowel,NA,,kc,18004
1283,2020,1,17,,9,10,NA,NA,dry,NA,,ap,18004
1284,2020,1,17,,10,30,NA,NA,wet,NA,,kc,18004
1285,2020,1,17,,13,17,NA,NA,wet,NA,,kc,18004
1286,2020,1,17,,14,5,NA,NA,wet,NA,,kc,18004
1287,2020,1,17,,13,45,NA,NA,water,NA,,kc,18004
1288,2020,1,17,,14,21,NA,NA,water,NA,,kc,18004
1289,2020,1,17,,11,30,13,0,nap,NA,,kc,18004
1290,2020,1,27,,8,30,NA,NA,wet,NA,,ap,18004
1291,2020,1,27,,10,10,NA,NA,dry,NA,,ap,18004
1292,2020,1,27,,12,20,NA,NA,wet,NA,,ap,18004
1293,2020,1,27,,14,0,NA,NA,wet,NA,,ap,18004
1294,2020,1,27,,9,40,NA,NA,water,NA,,ap,18004
1295,2020,1,27,,10,50,NA,NA,water,NA,,ap,18004
1296,2020,1,27,,14,10,NA,NA,bottle,2,oz,ap,18004
1297,2020,1,27,,11,10,12,15,nap,NA,,ap,18004
1298,2020,1,31,,8,45,NA,NA,wet,NA,,ap,18004
1299,2020,1,31,,10,30,NA,NA,wet,NA,,ap,18004
1300,2020,1,31,,12,50,NA,NA,wet,NA,,ap,18004
1301,2020,1,31,,14,35,NA,NA,dry,NA,,ap,18004
1302,2020,1,31,,8,10,NA,NA,water,NA,,ap,18004
1303,2020,1,31,,11,0,NA,NA,water,NA,,ap,18004
1304,2020,1,31,,14,15,NA,NA,water,NA,,ap,18004
1305,2020,1,31,,11,17,12,30,nap,NA,,ap,18004
1306,2020,2,28,,8,15,NA,NA,wet,NA,,ij,18004
1307,2020,2,28,,10,20,NA,NA,wet,NA,,ap,18004
1308,2020,2,28,,12,25,NA,NA,wet,NA,,ap,18004
1309,2020,2,28,,14,5,NA,NA,wet,NA,,ap,18004
1310,2020,2,28,,9,20,NA,NA,bottle,2,oz,ap,18004
1311,2020,2,28,,10,50,NA,NA,water,NA,,ap,18004
1312,2020,2,28,,12,35,NA,NA,bottle,3,oz,ap,18004
1313,2020,2,28,,11,15,12,3,nap,NA,,ap,18004
1314,2020,1,29,,8,10,NA,NA,wet,NA,,kc,18004
1315,2020,1,29,,9,10,NA,NA,bowel,NA,,hannah,18004
1316,2020,1,29,,10,11,NA,NA,wet,NA,,kc,18004
1317,2020,1,29,,11,50,NA,NA,wet,NA,,ap,18004
1318,2020,1,29,,13,59,NA,NA,dry,NA,,kc,18004
1319,2020,1,29,,14,17,NA,NA,wet,NA,,kc,18004
1320,2020,1,29,,9,50,NA,NA,water,NA,,kc,18004
1321,2020,1,29,,12,31,NA,NA,bottle,4,oz,kc,18004
1322,2020,1,29,,14,0,NA,NA,bottle,2,oz,kc,18004
1323,2020,1,29,,11,15,11,45,nap,NA,,ap,18004
1324,2020,2,12,,8,15,NA,NA,wet,NA,,ap,18004
1325,2020,2,12,,10,15,NA,NA,wet,NA,,kc,18004
1326,2020,2,12,,13,10,NA,NA,wet,NA,,kc,18004
1327,2020,2,12,,11,0,NA,NA,bottle,3,oz,kc,18004
1328,2020,2,12,,13,6,NA,NA,bottle,3,oz,kc,18004
1329,2020,2,12,,14,0,NA,NA,water,NA,,kc,18004
1330,2020,2,12,,11,20,13,0,nap,NA,,kc,18004
1331,2020,3,4,,8,20,NA,NA,wet,NA,,ap,18004
1332,2020,3,4,,10,50,NA,NA,wet,NA,,kc,18004
1333,2020,3,4,,13,8,NA,NA,wet,NA,,kc,18004
1334,2020,3,4,,15,0,NA,NA,wet,NA,,kc,18004
1335,2020,3,4,,9,0,NA,NA,bottle,3,oz,kc,18004
1336,2020,3,4,,11,0,NA,NA,bottle,2,oz,kc,18004
1337,2020,3,4,,14,0,NA,NA,water,NA,,kc,18004
1338,2020,3,4,,11,20,13,6,nap,NA,,kc,18004
1339,2020,2,17,,8,10,NA,NA,wet,NA,,ap,18004
1340,2020,2,17,,10,40,NA,NA,wet,NA,,ij,18004
1341,2020,2,17,,13,50,NA,NA,wet,NA,,ij,18004
1342,2020,2,17,,14,30,NA,NA,wet,NA,,kc,18004
1343,2020,2,17,,8,0,NA,NA,bottle,3,oz,ap,18004
1344,2020,2,17,,11,0,NA,NA,bottle,3,oz,ij,18004
1345,2020,2,17,,14,9,NA,NA,water,NA,,ij,18004
1346,2020,2,17,,11,20,13,20,nap,NA,,ij,18004
1347,2021,1,25,,8,30,NA,NA,wet,NA,,ap,18004
1348,2021,1,25,,10,45,NA,NA,wet,NA,,jd,18004
1349,2021,1,25,,14,0,NA,NA,wet,NA,,jd,18004
1350,2021,1,25,,14,55,NA,NA,dry,NA,,mb,18004
1351,2021,1,25,,11,30,13,0,nap,NA,,mb,18004
1352,2021,1,29,,8,0,NA,NA,wet,NA,,jd,18004
1353,2021,1,29,,9,35,NA,NA,bowel,NA,,aym,18004
1354,2021,1,29,,10,29,NA,NA,bowel,NA,,aym,18004
1355,2021,1,29,,13,5,NA,NA,wet,NA,,aym,18004
1356,2021,1,29,,11,30,13,0,nap,NA,,aym,18004
1357,2021,3,28,,14,0,NA,NA,ride_atv,NA,,dlm,18004
1358,2021,3,28,,12,0,NA,NA,skill_rightleft,NA,,dlm,18004
1359,2021,5,11,,15,0,NA,NA,trait_mass,15,kg,rainbow,18004
1360,2021,6,7,,10,0,NA,NA,skill_count_to_89,NA,,jsm,18004
1361,2021,6,12,,13,0,NA,NA,skill_jump,NA,,jsmkch,18004
1362,2021,6,14,,16,30,NA,NA,skill_potty_pee,NA,,kch,18004
1363,2021,12,17,,12,0,NA,NA,skill_potty_pee_undies_noaccidents,NA,,jsm,18004
